solid wand_mm
facet normal -0.989660599000355 -0.143429072318895 -4.88758152620539e-14
  outer loop
    vertex 229135.805057022 -77733.8930632601 4995.00000000049
    vertex 229126.532848493 -77669.9148244096 4996.00000000049
    vertex 229126.532848493 -77669.9148244096 4995.00000000049
  endloop
endfacet
facet normal -0.989660599000355 -0.143429072318895 -4.88758152620539e-14
  outer loop
    vertex 229126.532848493 -77669.9148244096 4996.00000000049
    vertex 229135.805057022 -77733.8930632601 4995.00000000049
    vertex 229135.805057022 -77733.8930632601 4996.00000000049
  endloop
endfacet
facet normal 0.989660599000355 0.143429072318895 -3.37480876795504e-15
  outer loop
    vertex 229144.140706047 -77652.306966855 4996.00000000049
    vertex 229155.550054251 -77731.0314694588 4995.00000000049
    vertex 229144.140706047 -77652.306966855 4995.00000000049
  endloop
endfacet
facet normal 0.989660599000355 0.143429072318895 -3.37480876795504e-15
  outer loop
    vertex 229155.550054251 -77731.0314694588 4995.00000000049
    vertex 229144.140706047 -77652.306966855 4996.00000000049
    vertex 229155.550054251 -77731.0314694588 4996.00000000049
  endloop
endfacet
facet normal 0.143429072318892 -0.989660599000355 -9.99397858347319e-17
  outer loop
    vertex 229067.008532241 -77745.8844689401 4996.00000000049
    vertex 229082.794887074 -77743.5965914281 4995.00000000049
    vertex 229082.794887074 -77743.5965914281 4996.00000000049
  endloop
endfacet
facet normal 0.143429072318892 -0.989660599000355 -9.99397858347319e-17
  outer loop
    vertex 229082.794887074 -77743.5965914281 4995.00000000049
    vertex 229067.008532241 -77745.8844689401 4996.00000000049
    vertex 229067.008532241 -77745.8844689401 4995.00000000049
  endloop
endfacet
facet normal 0.143429072318892 -0.989660599000355 2.20919526578608e-17
  outer loop
    vertex 229084.774208272 -77743.3097332835 4996.00000000049
    vertex 229100.560563105 -77741.0218557714 4995.00000000049
    vertex 229100.560563105 -77741.0218557714 4996.00000000049
  endloop
endfacet
facet normal 0.143429072318892 -0.989660599000355 2.20919526578608e-17
  outer loop
    vertex 229100.560563105 -77741.0218557714 4995.00000000049
    vertex 229084.774208272 -77743.3097332835 4996.00000000049
    vertex 229084.774208272 -77743.3097332835 4995.00000000049
  endloop
endfacet
facet normal 0.989660599000355 0.143429072318897 4.75292581476505e-14
  outer loop
    vertex 229112.455161675 -77683.9925112272 4996.00000000049
    vertex 229120.018702189 -77736.1809407721 4995.00000000049
    vertex 229112.455161675 -77683.9925112272 4995.00000000049
  endloop
endfacet
facet normal 0.989660599000355 0.143429072318897 4.75292581476505e-14
  outer loop
    vertex 229120.018702189 -77736.1809407721 4995.00000000049
    vertex 229112.455161675 -77683.9925112272 4996.00000000049
    vertex 229120.018702189 -77736.1809407721 4996.00000000049
  endloop
endfacet
facet normal -0.989660599000355 -0.143429072318895 -1.46858885292213e-15
  outer loop
    vertex 229118.039380991 -77736.4677989168 4995.00000000049
    vertex 229110.690076307 -77685.7575965957 4996.00000000049
    vertex 229110.690076307 -77685.7575965957 4995.00000000049
  endloop
endfacet
facet normal -0.989660599000355 -0.143429072318895 -1.46858885292213e-15
  outer loop
    vertex 229110.690076307 -77685.7575965957 4996.00000000049
    vertex 229118.039380991 -77736.4677989168 4995.00000000049
    vertex 229118.039380991 -77736.4677989168 4996.00000000049
  endloop
endfacet
facet normal 0.143429072318895 -0.989660599000355 -1.10459763288835e-16
  outer loop
    vertex 229120.305560333 -77738.1602619701 4996.00000000049
    vertex 229136.091915166 -77735.8723844581 4995.00000000049
    vertex 229136.091915166 -77735.8723844581 4996.00000000049
  endloop
endfacet
facet normal 0.143429072318895 -0.989660599000355 -1.10459763288835e-16
  outer loop
    vertex 229136.091915166 -77735.8723844581 4995.00000000049
    vertex 229120.305560333 -77738.1602619701 4996.00000000049
    vertex 229120.305560333 -77738.1602619701 4995.00000000049
  endloop
endfacet
facet normal -0.989660599000355 -0.143429072318896 -1.72527630301568e-16
  outer loop
    vertex 229100.27370496 -77739.0425345734 4995.00000000049
    vertex 229094.847304121 -77701.6003687817 4996.00000000049
    vertex 229094.847304121 -77701.6003687817 4995.00000000049
  endloop
endfacet
facet normal -0.989660599000355 -0.143429072318896 -1.72527630301568e-16
  outer loop
    vertex 229094.847304121 -77701.6003687817 4996.00000000049
    vertex 229100.27370496 -77739.0425345734 4995.00000000049
    vertex 229100.27370496 -77739.0425345734 4996.00000000049
  endloop
endfacet
facet normal -0.989660599000355 -0.143429072318895 -4.58671017106862e-16
  outer loop
    vertex 229171.762194465 -77856.839411351 4996.00000000049
    vertex 229163.049269522 -77796.720229243 4995.00000000049
    vertex 229171.762194465 -77856.839411351 4995.00000000049
  endloop
endfacet
facet normal -0.989660599000355 -0.143429072318895 -4.58671017106862e-16
  outer loop
    vertex 229163.049269522 -77796.720229243 4995.00000000049
    vertex 229171.762194465 -77856.839411351 4996.00000000049
    vertex 229163.049269522 -77796.720229243 4996.00000000049
  endloop
endfacet
facet normal -0.143429072318895 0.989660599000355 8.73158128855751e-17
  outer loop
    vertex 229129.210380514 -77799.6035212136 4995.00000000049
    vertex 229144.996735347 -77797.3156437016 4996.00000000049
    vertex 229144.996735347 -77797.3156437016 4995.00000000049
  endloop
endfacet
facet normal -0.143429072318895 0.989660599000355 8.73158128855751e-17
  outer loop
    vertex 229144.996735347 -77797.3156437016 4996.00000000049
    vertex 229129.210380514 -77799.6035212136 4995.00000000049
    vertex 229129.210380514 -77799.6035212136 4996.00000000049
  endloop
endfacet
facet normal -0.143429072318894 0.989660599000355 -7.04838489591268e-17
  outer loop
    vertex 229164.741732576 -77794.4540499003 4995.00000000049
    vertex 229180.528087408 -77792.1661723883 4996.00000000049
    vertex 229180.528087408 -77792.1661723883 4995.00000000049
  endloop
endfacet
facet normal -0.143429072318894 0.989660599000355 -7.04838489591268e-17
  outer loop
    vertex 229180.528087408 -77792.1661723883 4996.00000000049
    vertex 229164.741732576 -77794.4540499003 4995.00000000049
    vertex 229164.741732576 -77794.4540499003 4996.00000000049
  endloop
endfacet
facet normal 0.707106781186547 0.707106781186548 6.50915134839441e-14
  outer loop
    vertex 229061.59222423 -77746.6694411156 4996.00000000049
    vertex 229065.696177287 -77750.7733941731 4995.00000000049
    vertex 229061.59222423 -77746.6694411156 4995.00000000049
  endloop
endfacet
facet normal 0.707106781186547 0.707106781186548 6.50915134839441e-14
  outer loop
    vertex 229065.696177287 -77750.7733941731 4995.00000000049
    vertex 229061.59222423 -77746.6694411156 4996.00000000049
    vertex 229065.696177287 -77750.7733941731 4996.00000000049
  endloop
endfacet
facet normal 0.707106781186547 0.707106781186548 6.50915134839441e-14
  outer loop
    vertex 229065.696177287 -77750.7733941731 4996.00000000049
    vertex 229061.59222423 -77746.6694411156 4996.00000000049
    vertex 229068.059596679 -77753.1368135647 4996.00000000049
  endloop
endfacet
facet normal 0.707106781186547 0.707106781186548 6.50915134839441e-14
  outer loop
    vertex 229068.059596679 -77753.1368135647 4996.00000000049
    vertex 229061.59222423 -77746.6694411156 4996.00000000049
    vertex 229086.909380723 -77771.9865976087 4996.00000000049
  endloop
endfacet
facet normal 0.707106781186547 0.707106781186548 6.50915134839441e-14
  outer loop
    vertex 229086.909380723 -77771.9865976087 4996.00000000049
    vertex 229061.59222423 -77746.6694411156 4996.00000000049
    vertex 229089.272800115 -77774.3500170003 4996.00000000049
  endloop
endfacet
facet normal 0.707106781186547 0.707106781186548 6.50915134839441e-14
  outer loop
    vertex 229089.272800115 -77774.3500170003 4996.00000000049
    vertex 229061.59222423 -77746.6694411156 4996.00000000049
    vertex 229108.122584159 -77793.1998010443 4996.00000000049
  endloop
endfacet
facet normal 0.707106781186547 0.707106781186548 6.50915134839441e-14
  outer loop
    vertex 229108.122584159 -77793.1998010443 4996.00000000049
    vertex 229061.59222423 -77746.6694411156 4996.00000000049
    vertex 229110.48600355 -77795.5632204359 4996.00000000049
  endloop
endfacet
facet normal 0.707106781186547 0.707106781186548 6.50915134839441e-14
  outer loop
    vertex 229118.150133517 -77803.2273504031 4996.00000000049
    vertex 229129.335787594 -77814.4130044799 4995.00000000049
    vertex 229118.150133517 -77803.2273504031 4995.00000000049
  endloop
endfacet
facet normal 0.707106781186547 0.707106781186548 6.50915134839441e-14
  outer loop
    vertex 229129.335787594 -77814.4130044799 4995.00000000049
    vertex 229118.150133517 -77803.2273504031 4996.00000000049
    vertex 229129.335787594 -77814.4130044799 4996.00000000049
  endloop
endfacet
facet normal 0.707106781186547 0.707106781186548 6.50915134839441e-14
  outer loop
    vertex 229129.335787594 -77814.4130044799 4996.00000000049
    vertex 229118.150133517 -77803.2273504031 4996.00000000049
    vertex 229131.699206986 -77816.7764238715 4996.00000000049
  endloop
endfacet
facet normal 0.707106781186547 0.707106781186548 6.50915134839441e-14
  outer loop
    vertex 229131.699206986 -77816.7764238715 4996.00000000049
    vertex 229118.150133517 -77803.2273504031 4996.00000000049
    vertex 229150.54899103 -77835.6262079155 4996.00000000049
  endloop
endfacet
facet normal 0.707106781186547 0.707106781186548 6.50915134839441e-14
  outer loop
    vertex 229150.54899103 -77835.6262079155 4996.00000000049
    vertex 229118.150133517 -77803.2273504031 4996.00000000049
    vertex 229152.912410421 -77837.9896273071 4996.00000000049
  endloop
endfacet
facet normal 0.707106781186547 0.707106781186548 6.50915134839441e-14
  outer loop
    vertex 229055.685228008 -77740.762444894 5000.00000000049
    vertex 229059.827138861 -77744.9043557471 4995.00000000049
    vertex 229055.685228008 -77740.762444894 4995.00000000049
  endloop
endfacet
facet normal 0.707106781186547 0.707106781186548 6.50915134839441e-14
  outer loop
    vertex 229059.827138861 -77744.9043557471 4995.00000000049
    vertex 229055.685228008 -77740.762444894 5000.00000000049
    vertex 229059.827138861 -77744.9043557471 4996.00000000049
  endloop
endfacet
facet normal 0.707106781186547 0.707106781186548 6.50915134839441e-14
  outer loop
    vertex 229059.827138861 -77744.9043557471 4996.00000000049
    vertex 229055.685228008 -77740.762444894 5000.00000000049
    vertex 229116.385048149 -77801.4622650346 4996.00000000049
  endloop
endfacet
facet normal 0.707106781186547 0.707106781186548 6.50915134839441e-14
  outer loop
    vertex 229116.385048149 -77801.4622650346 4996.00000000049
    vertex 229055.685228008 -77740.762444894 5000.00000000049
    vertex 229171.762194465 -77856.839411351 4996.00000000049
  endloop
endfacet
facet normal 0.707106781186547 0.707106781186548 6.50915134839441e-14
  outer loop
    vertex 229171.762194465 -77856.839411351 4996.00000000049
    vertex 229055.685228008 -77740.762444894 5000.00000000049
    vertex 229174.125613857 -77859.2028307427 4996.00000000049
  endloop
endfacet
facet normal 0.707106781186547 0.707106781186548 6.50915134839441e-14
  outer loop
    vertex 229174.125613857 -77859.2028307427 4996.00000000049
    vertex 229055.685228008 -77740.762444894 5000.00000000049
    vertex 229192.975397901 -77878.0526147866 4996.00000000049
  endloop
endfacet
facet normal 0.707106781186547 0.707106781186548 6.50915134839441e-14
  outer loop
    vertex 229192.975397901 -77878.0526147866 4996.00000000049
    vertex 229055.685228008 -77740.762444894 5000.00000000049
    vertex 229195.338817293 -77880.4160341783 4996.00000000049
  endloop
endfacet
facet normal 0.707106781186547 0.707106781186548 6.50915134839441e-14
  outer loop
    vertex 229195.338817293 -77880.4160341783 4996.00000000049
    vertex 229055.685228008 -77740.762444894 5000.00000000049
    vertex 229195.338817293 -77880.4160341783 5000.00000000049
  endloop
endfacet
facet normal 0.707106781186547 0.707106781186548 6.50915134839441e-14
  outer loop
    vertex 229174.125613857 -77859.2028307427 4996.00000000049
    vertex 229192.975397901 -77878.0526147866 4995.00000000049
    vertex 229174.125613857 -77859.2028307427 4995.00000000049
  endloop
endfacet
facet normal 0.707106781186547 0.707106781186548 6.50915134839441e-14
  outer loop
    vertex 229192.975397901 -77878.0526147866 4995.00000000049
    vertex 229174.125613857 -77859.2028307427 4996.00000000049
    vertex 229192.975397901 -77878.0526147866 4996.00000000049
  endloop
endfacet
facet normal 0.707106781186547 0.707106781186548 6.50915134839441e-14
  outer loop
    vertex 229152.912410421 -77837.9896273071 4996.00000000049
    vertex 229171.762194465 -77856.839411351 4995.00000000049
    vertex 229152.912410421 -77837.9896273071 4995.00000000049
  endloop
endfacet
facet normal 0.707106781186547 0.707106781186548 6.50915134839441e-14
  outer loop
    vertex 229171.762194465 -77856.839411351 4995.00000000049
    vertex 229152.912410421 -77837.9896273071 4996.00000000049
    vertex 229171.762194465 -77856.839411351 4996.00000000049
  endloop
endfacet
facet normal 0.707106781186547 0.707106781186548 6.50915134839441e-14
  outer loop
    vertex 229171.762194465 -77856.839411351 4996.00000000049
    vertex 229152.912410421 -77837.9896273071 4996.00000000049
    vertex 229118.150133517 -77803.2273504031 4996.00000000049
  endloop
endfacet
facet normal 0.707106781186547 0.707106781186548 6.50915134839441e-14
  outer loop
    vertex 229171.762194465 -77856.839411351 4996.00000000049
    vertex 229118.150133517 -77803.2273504031 4996.00000000049
    vertex 229116.385048149 -77801.4622650346 4996.00000000049
  endloop
endfacet
facet normal 0.707106781186547 0.707106781186548 6.50915134839441e-14
  outer loop
    vertex 229110.48600355 -77795.5632204359 4995.00000000049
    vertex 229116.385048149 -77801.4622650346 4996.00000000049
    vertex 229116.385048149 -77801.4622650346 4995.00000000049
  endloop
endfacet
facet normal 0.707106781186547 0.707106781186548 6.50915134839441e-14
  outer loop
    vertex 229116.385048149 -77801.4622650346 4996.00000000049
    vertex 229110.48600355 -77795.5632204359 4995.00000000049
    vertex 229110.48600355 -77795.5632204359 4996.00000000049
  endloop
endfacet
facet normal 0.707106781186547 0.707106781186548 6.50915134839441e-14
  outer loop
    vertex 229116.385048149 -77801.4622650346 4996.00000000049
    vertex 229110.48600355 -77795.5632204359 4996.00000000049
    vertex 229061.59222423 -77746.6694411156 4996.00000000049
  endloop
endfacet
facet normal 0.707106781186547 0.707106781186548 6.50915134839441e-14
  outer loop
    vertex 229116.385048149 -77801.4622650346 4996.00000000049
    vertex 229061.59222423 -77746.6694411156 4996.00000000049
    vertex 229059.827138861 -77744.9043557471 4996.00000000049
  endloop
endfacet
facet normal 0.707106781186547 0.707106781186548 6.50915134839441e-14
  outer loop
    vertex 229131.699206986 -77816.7764238715 4996.00000000049
    vertex 229150.54899103 -77835.6262079155 4995.00000000049
    vertex 229131.699206986 -77816.7764238715 4995.00000000049
  endloop
endfacet
facet normal 0.707106781186547 0.707106781186548 6.50915134839441e-14
  outer loop
    vertex 229150.54899103 -77835.6262079155 4995.00000000049
    vertex 229131.699206986 -77816.7764238715 4996.00000000049
    vertex 229150.54899103 -77835.6262079155 4996.00000000049
  endloop
endfacet
facet normal 0.707106781186547 0.707106781186548 6.50915134839441e-14
  outer loop
    vertex 229089.272800115 -77774.3500170003 4996.00000000049
    vertex 229108.122584159 -77793.1998010443 4995.00000000049
    vertex 229089.272800115 -77774.3500170003 4995.00000000049
  endloop
endfacet
facet normal 0.707106781186547 0.707106781186548 6.50915134839441e-14
  outer loop
    vertex 229108.122584159 -77793.1998010443 4995.00000000049
    vertex 229089.272800115 -77774.3500170003 4996.00000000049
    vertex 229108.122584159 -77793.1998010443 4996.00000000049
  endloop
endfacet
facet normal 0.707106781186547 0.707106781186548 6.50915134839441e-14
  outer loop
    vertex 229068.059596679 -77753.1368135647 4996.00000000049
    vertex 229086.909380723 -77771.9865976087 4995.00000000049
    vertex 229068.059596679 -77753.1368135647 4995.00000000049
  endloop
endfacet
facet normal 0.707106781186547 0.707106781186548 6.50915134839441e-14
  outer loop
    vertex 229086.909380723 -77771.9865976087 4995.00000000049
    vertex 229068.059596679 -77753.1368135647 4996.00000000049
    vertex 229086.909380723 -77771.9865976087 4996.00000000049
  endloop
endfacet
facet normal -1.11802038894806e-15 1.14871681924243e-15 1.0
  outer loop
    vertex 229160.38077479 -77635.946427716 5000.00000000049
    vertex 229158.603939848 -77636.1453164554 5000.00000000049
    vertex 229158.411500569 -77636.1835950081 5000.00000000049
  endloop
endfacet
facet normal -1.11802038894806e-15 1.14871681924243e-15 1.0
  outer loop
    vertex 229158.603939848 -77636.1453164554 5000.00000000049
    vertex 229160.38077479 -77635.946427716 5000.00000000049
    vertex 229160.525410112 -77635.6531362969 5000.00000000049
  endloop
endfacet
facet normal -1.11802038894806e-15 1.14871681924243e-15 1.0
  outer loop
    vertex 229158.603939848 -77636.1453164554 5000.00000000049
    vertex 229160.525410112 -77635.6531362969 5000.00000000049
    vertex 229158.789736429 -77636.0822470148 5000.00000000049
  endloop
endfacet
facet normal -1.11802038894806e-15 1.14871681924243e-15 1.0
  outer loop
    vertex 229158.789736429 -77636.0822470148 5000.00000000049
    vertex 229160.525410112 -77635.6531362969 5000.00000000049
    vertex 229158.96571128 -77635.9954658217 5000.00000000049
  endloop
endfacet
facet normal -1.11802038894806e-15 1.14871681924243e-15 1.0
  outer loop
    vertex 229158.96571128 -77635.9954658217 5000.00000000049
    vertex 229160.525410112 -77635.6531362969 5000.00000000049
    vertex 229159.128853424 -77635.8864577264 5000.00000000049
  endloop
endfacet
facet normal -1.11802038894806e-15 1.14871681924243e-15 1.0
  outer loop
    vertex 229159.128853424 -77635.8864577264 5000.00000000049
    vertex 229160.525410112 -77635.6531362969 5000.00000000049
    vertex 229159.276371452 -77635.7570878878 5000.00000000049
  endloop
endfacet
facet normal -1.11802038894806e-15 1.14871681924243e-15 1.0
  outer loop
    vertex 229159.276371452 -77635.7570878878 5000.00000000049
    vertex 229160.525410112 -77635.6531362969 5000.00000000049
    vertex 229160.630525846 -77635.3434753287 5000.00000000049
  endloop
endfacet
facet normal -1.11802038894806e-15 1.14871681924243e-15 1.0
  outer loop
    vertex 229159.276371452 -77635.7570878878 5000.00000000049
    vertex 229160.630525846 -77635.3434753287 5000.00000000049
    vertex 229159.405741291 -77635.6095698595 5000.00000000049
  endloop
endfacet
facet normal -1.11802038894806e-15 1.14871681924243e-15 1.0
  outer loop
    vertex 229159.405741291 -77635.6095698595 5000.00000000049
    vertex 229160.630525846 -77635.3434753287 5000.00000000049
    vertex 229159.514749386 -77635.446427716 5000.00000000049
  endloop
endfacet
facet normal -1.11802038894806e-15 1.14871681924243e-15 1.0
  outer loop
    vertex 229159.514749386 -77635.446427716 5000.00000000049
    vertex 229160.630525846 -77635.3434753287 5000.00000000049
    vertex 229160.694323434 -77635.0227431965 5000.00000000049
  endloop
endfacet
facet normal -1.11802038894806e-15 1.14871681924243e-15 1.0
  outer loop
    vertex 229159.514749386 -77635.446427716 5000.00000000049
    vertex 229160.694323434 -77635.0227431965 5000.00000000049
    vertex 229159.601530579 -77635.2704528646 5000.00000000049
  endloop
endfacet
facet normal -1.11802038894806e-15 1.14871681924243e-15 1.0
  outer loop
    vertex 229159.601530579 -77635.2704528646 5000.00000000049
    vertex 229160.694323434 -77635.0227431965 5000.00000000049
    vertex 229159.66460002 -77635.0846562836 5000.00000000049
  endloop
endfacet
facet normal -1.11802038894806e-15 1.14871681924243e-15 1.0
  outer loop
    vertex 229159.66460002 -77635.0846562836 5000.00000000049
    vertex 229160.694323434 -77635.0227431965 5000.00000000049
    vertex 229160.71571128 -77634.696427716 5000.00000000049
  endloop
endfacet
facet normal -1.11802038894806e-15 1.14871681924243e-15 1.0
  outer loop
    vertex 229159.66460002 -77635.0846562836 5000.00000000049
    vertex 229160.71571128 -77634.696427716 5000.00000000049
    vertex 229159.702878572 -77634.8922170043 5000.00000000049
  endloop
endfacet
facet normal -1.11802038894806e-15 1.14871681924243e-15 1.0
  outer loop
    vertex 229159.702878572 -77634.8922170043 5000.00000000049
    vertex 229160.71571128 -77634.696427716 5000.00000000049
    vertex 229159.71571128 -77634.696427716 5000.00000000049
  endloop
endfacet
facet normal -1.11802038894806e-15 1.14871681924243e-15 1.0
  outer loop
    vertex 229159.71571128 -77634.696427716 5000.00000000049
    vertex 229160.71571128 -77634.696427716 5000.00000000049
    vertex 229160.694323434 -77634.3701122354 5000.00000000049
  endloop
endfacet
facet normal -1.11802038894806e-15 1.14871681924243e-15 1.0
  outer loop
    vertex 229159.71571128 -77634.696427716 5000.00000000049
    vertex 229160.694323434 -77634.3701122354 5000.00000000049
    vertex 229159.702878572 -77634.5006384277 5000.00000000049
  endloop
endfacet
facet normal -1.11802038894806e-15 1.14871681924243e-15 1.0
  outer loop
    vertex 229159.702878572 -77634.5006384277 5000.00000000049
    vertex 229160.694323434 -77634.3701122354 5000.00000000049
    vertex 229160.630525846 -77634.0493801032 5000.00000000049
  endloop
endfacet
facet normal -1.11802038894806e-15 1.14871681924243e-15 1.0
  outer loop
    vertex 229159.702878572 -77634.5006384277 5000.00000000049
    vertex 229160.630525846 -77634.0493801032 5000.00000000049
    vertex 229159.66460002 -77634.3081991483 5000.00000000049
  endloop
endfacet
facet normal -1.11802038894806e-15 1.14871681924243e-15 1.0
  outer loop
    vertex 229159.66460002 -77634.3081991483 5000.00000000049
    vertex 229160.630525846 -77634.0493801032 5000.00000000049
    vertex 229159.601530579 -77634.1224025674 5000.00000000049
  endloop
endfacet
facet normal -1.11802038894806e-15 1.14871681924243e-15 1.0
  outer loop
    vertex 229159.601530579 -77634.1224025674 5000.00000000049
    vertex 229160.630525846 -77634.0493801032 5000.00000000049
    vertex 229160.525410112 -77633.7397191351 5000.00000000049
  endloop
endfacet
facet normal -1.11802038894806e-15 1.14871681924243e-15 1.0
  outer loop
    vertex 229159.601530579 -77634.1224025674 5000.00000000049
    vertex 229160.525410112 -77633.7397191351 5000.00000000049
    vertex 229159.514749386 -77633.946427716 5000.00000000049
  endloop
endfacet
facet normal -1.11802038894806e-15 1.14871681924243e-15 1.0
  outer loop
    vertex 229159.514749386 -77633.946427716 5000.00000000049
    vertex 229160.525410112 -77633.7397191351 5000.00000000049
    vertex 229159.405741291 -77633.7832855725 5000.00000000049
  endloop
endfacet
facet normal -1.11802038894806e-15 1.14871681924243e-15 1.0
  outer loop
    vertex 229159.405741291 -77633.7832855725 5000.00000000049
    vertex 229160.525410112 -77633.7397191351 5000.00000000049
    vertex 229160.38077479 -77633.446427716 5000.00000000049
  endloop
endfacet
facet normal -1.11802038894806e-15 1.14871681924243e-15 1.0
  outer loop
    vertex 229159.405741291 -77633.7832855725 5000.00000000049
    vertex 229160.38077479 -77633.446427716 5000.00000000049
    vertex 229159.276371452 -77633.6357675442 5000.00000000049
  endloop
endfacet
facet normal -1.11802038894806e-15 1.14871681924243e-15 1.0
  outer loop
    vertex 229159.276371452 -77633.6357675442 5000.00000000049
    vertex 229160.38077479 -77633.446427716 5000.00000000049
    vertex 229159.128853424 -77633.5063977056 5000.00000000049
  endloop
endfacet
facet normal -1.11802038894806e-15 1.14871681924243e-15 1.0
  outer loop
    vertex 229159.128853424 -77633.5063977056 5000.00000000049
    vertex 229160.38077479 -77633.446427716 5000.00000000049
    vertex 229160.199094631 -77633.1745241435 5000.00000000049
  endloop
endfacet
facet normal -1.11802038894806e-15 1.14871681924243e-15 1.0
  outer loop
    vertex 229159.128853424 -77633.5063977056 5000.00000000049
    vertex 229160.199094631 -77633.1745241435 5000.00000000049
    vertex 229158.96571128 -77633.3973896103 5000.00000000049
  endloop
endfacet
facet normal -1.11802038894806e-15 1.14871681924243e-15 1.0
  outer loop
    vertex 229158.96571128 -77633.3973896103 5000.00000000049
    vertex 229160.199094631 -77633.1745241435 5000.00000000049
    vertex 229158.789736429 -77633.3106084172 5000.00000000049
  endloop
endfacet
facet normal -1.11802038894806e-15 1.14871681924243e-15 1.0
  outer loop
    vertex 229158.789736429 -77633.3106084172 5000.00000000049
    vertex 229160.199094631 -77633.1745241435 5000.00000000049
    vertex 229159.983478233 -77632.928660763 5000.00000000049
  endloop
endfacet
facet normal -1.11802038894806e-15 1.14871681924243e-15 1.0
  outer loop
    vertex 229158.789736429 -77633.3106084172 5000.00000000049
    vertex 229159.983478233 -77632.928660763 5000.00000000049
    vertex 229158.603939848 -77633.2475389766 5000.00000000049
  endloop
endfacet
facet normal -1.11802038894806e-15 1.14871681924243e-15 1.0
  outer loop
    vertex 229158.603939848 -77633.2475389766 5000.00000000049
    vertex 229159.983478233 -77632.928660763 5000.00000000049
    vertex 229158.411500569 -77633.2092604239 5000.00000000049
  endloop
endfacet
facet normal -1.11802038894806e-15 1.14871681924243e-15 1.0
  outer loop
    vertex 229158.411500569 -77633.2092604239 5000.00000000049
    vertex 229159.983478233 -77632.928660763 5000.00000000049
    vertex 229158.21571128 -77633.196427716 5000.00000000049
  endloop
endfacet
facet normal -1.11802038894806e-15 1.14871681924243e-15 1.0
  outer loop
    vertex 229158.21571128 -77633.196427716 5000.00000000049
    vertex 229159.983478233 -77632.928660763 5000.00000000049
    vertex 229158.019921992 -77633.2092604239 5000.00000000049
  endloop
endfacet
facet normal -1.11802038894806e-15 1.14871681924243e-15 1.0
  outer loop
    vertex 229158.019921992 -77633.2092604239 5000.00000000049
    vertex 229159.983478233 -77632.928660763 5000.00000000049
    vertex 229159.737614853 -77632.7130443653 5000.00000000049
  endloop
endfacet
facet normal -1.11802038894806e-15 1.14871681924243e-15 1.0
  outer loop
    vertex 229195.736113849 -77883.4338011313 5000.00000000049
    vertex 229193.959278907 -77883.6326898707 5000.00000000049
    vertex 229193.766839628 -77883.6709684233 5000.00000000049
  endloop
endfacet
facet normal -1.11802038894806e-15 1.14871681924243e-15 1.0
  outer loop
    vertex 229193.959278907 -77883.6326898707 5000.00000000049
    vertex 229195.736113849 -77883.4338011313 5000.00000000049
    vertex 229195.880749171 -77883.1405097122 5000.00000000049
  endloop
endfacet
facet normal -1.11802038894806e-15 1.14871681924243e-15 1.0
  outer loop
    vertex 229193.959278907 -77883.6326898707 5000.00000000049
    vertex 229195.880749171 -77883.1405097122 5000.00000000049
    vertex 229194.145075488 -77883.56962043 5000.00000000049
  endloop
endfacet
facet normal -1.11802038894806e-15 1.14871681924243e-15 1.0
  outer loop
    vertex 229194.145075488 -77883.56962043 5000.00000000049
    vertex 229195.880749171 -77883.1405097122 5000.00000000049
    vertex 229194.32105034 -77883.482839237 5000.00000000049
  endloop
endfacet
facet normal -1.11802038894806e-15 1.14871681924243e-15 1.0
  outer loop
    vertex 229194.32105034 -77883.482839237 5000.00000000049
    vertex 229195.880749171 -77883.1405097122 5000.00000000049
    vertex 229194.484192483 -77883.3738311417 5000.00000000049
  endloop
endfacet
facet normal -1.11802038894806e-15 1.14871681924243e-15 1.0
  outer loop
    vertex 229194.484192483 -77883.3738311417 5000.00000000049
    vertex 229195.880749171 -77883.1405097122 5000.00000000049
    vertex 229194.631710511 -77883.2444613031 5000.00000000049
  endloop
endfacet
facet normal -1.11802038894806e-15 1.14871681924243e-15 1.0
  outer loop
    vertex 229194.631710511 -77883.2444613031 5000.00000000049
    vertex 229195.880749171 -77883.1405097122 5000.00000000049
    vertex 229195.985864905 -77882.8308487441 5000.00000000049
  endloop
endfacet
facet normal -1.11802038894806e-15 1.14871681924243e-15 1.0
  outer loop
    vertex 229194.631710511 -77883.2444613031 5000.00000000049
    vertex 229195.985864905 -77882.8308487441 5000.00000000049
    vertex 229194.76108035 -77883.0969432748 5000.00000000049
  endloop
endfacet
facet normal -1.11802038894806e-15 1.14871681924243e-15 1.0
  outer loop
    vertex 229194.76108035 -77883.0969432748 5000.00000000049
    vertex 229195.985864905 -77882.8308487441 5000.00000000049
    vertex 229194.870088445 -77882.9338011313 5000.00000000049
  endloop
endfacet
facet normal -1.11802038894806e-15 1.14871681924243e-15 1.0
  outer loop
    vertex 229194.870088445 -77882.9338011313 5000.00000000049
    vertex 229195.985864905 -77882.8308487441 5000.00000000049
    vertex 229196.049662493 -77882.5101166118 5000.00000000049
  endloop
endfacet
facet normal -1.11802038894806e-15 1.14871681924243e-15 1.0
  outer loop
    vertex 229194.870088445 -77882.9338011313 5000.00000000049
    vertex 229196.049662493 -77882.5101166118 5000.00000000049
    vertex 229194.956869638 -77882.7578262798 5000.00000000049
  endloop
endfacet
facet normal -1.11802038894806e-15 1.14871681924243e-15 1.0
  outer loop
    vertex 229194.956869638 -77882.7578262798 5000.00000000049
    vertex 229196.049662493 -77882.5101166118 5000.00000000049
    vertex 229195.019939079 -77882.5720296989 5000.00000000049
  endloop
endfacet
facet normal -1.11802038894806e-15 1.14871681924243e-15 1.0
  outer loop
    vertex 229195.019939079 -77882.5720296989 5000.00000000049
    vertex 229196.049662493 -77882.5101166118 5000.00000000049
    vertex 229196.07105034 -77882.1838011313 5000.00000000049
  endloop
endfacet
facet normal -1.11802038894806e-15 1.14871681924243e-15 1.0
  outer loop
    vertex 229195.019939079 -77882.5720296989 5000.00000000049
    vertex 229196.07105034 -77882.1838011313 5000.00000000049
    vertex 229195.058217632 -77882.3795904196 5000.00000000049
  endloop
endfacet
facet normal -1.11802038894806e-15 1.14871681924243e-15 1.0
  outer loop
    vertex 229195.058217632 -77882.3795904196 5000.00000000049
    vertex 229196.07105034 -77882.1838011313 5000.00000000049
    vertex 229195.07105034 -77882.1838011313 5000.00000000049
  endloop
endfacet
facet normal -1.11802038894806e-15 1.14871681924243e-15 1.0
  outer loop
    vertex 229195.07105034 -77882.1838011313 5000.00000000049
    vertex 229196.07105034 -77882.1838011313 5000.00000000049
    vertex 229196.049662493 -77881.8574856507 5000.00000000049
  endloop
endfacet
facet normal -1.11802038894806e-15 1.14871681924243e-15 1.0
  outer loop
    vertex 229195.07105034 -77882.1838011313 5000.00000000049
    vertex 229196.049662493 -77881.8574856507 5000.00000000049
    vertex 229195.058217632 -77881.988011843 5000.00000000049
  endloop
endfacet
facet normal -1.11802038894806e-15 1.14871681924243e-15 1.0
  outer loop
    vertex 229195.058217632 -77881.988011843 5000.00000000049
    vertex 229196.049662493 -77881.8574856507 5000.00000000049
    vertex 229195.985864905 -77881.5367535185 5000.00000000049
  endloop
endfacet
facet normal -1.11802038894806e-15 1.14871681924243e-15 1.0
  outer loop
    vertex 229195.058217632 -77881.988011843 5000.00000000049
    vertex 229195.985864905 -77881.5367535185 5000.00000000049
    vertex 229195.019939079 -77881.7955725636 5000.00000000049
  endloop
endfacet
facet normal -1.11802038894806e-15 1.14871681924243e-15 1.0
  outer loop
    vertex 229195.019939079 -77881.7955725636 5000.00000000049
    vertex 229195.985864905 -77881.5367535185 5000.00000000049
    vertex 229194.956869638 -77881.6097759827 5000.00000000049
  endloop
endfacet
facet normal -1.11802038894806e-15 1.14871681924243e-15 1.0
  outer loop
    vertex 229194.956869638 -77881.6097759827 5000.00000000049
    vertex 229195.985864905 -77881.5367535185 5000.00000000049
    vertex 229195.880749171 -77881.2270925504 5000.00000000049
  endloop
endfacet
facet normal -1.11802038894806e-15 1.14871681924243e-15 1.0
  outer loop
    vertex 229194.956869638 -77881.6097759827 5000.00000000049
    vertex 229195.880749171 -77881.2270925504 5000.00000000049
    vertex 229194.870088445 -77881.4338011313 5000.00000000049
  endloop
endfacet
facet normal -1.11802038894806e-15 1.14871681924243e-15 1.0
  outer loop
    vertex 229194.870088445 -77881.4338011313 5000.00000000049
    vertex 229195.880749171 -77881.2270925504 5000.00000000049
    vertex 229194.76108035 -77881.2706589878 5000.00000000049
  endloop
endfacet
facet normal -1.11802038894806e-15 1.14871681924243e-15 1.0
  outer loop
    vertex 229194.76108035 -77881.2706589878 5000.00000000049
    vertex 229195.880749171 -77881.2270925504 5000.00000000049
    vertex 229195.736113849 -77880.9338011313 5000.00000000049
  endloop
endfacet
facet normal -1.11802038894806e-15 1.14871681924243e-15 1.0
  outer loop
    vertex 229194.76108035 -77881.2706589878 5000.00000000049
    vertex 229195.736113849 -77880.9338011313 5000.00000000049
    vertex 229194.631710511 -77881.1231409595 5000.00000000049
  endloop
endfacet
facet normal -1.11802038894806e-15 1.14871681924243e-15 1.0
  outer loop
    vertex 229194.631710511 -77881.1231409595 5000.00000000049
    vertex 229195.736113849 -77880.9338011313 5000.00000000049
    vertex 229194.484192483 -77880.9937711208 5000.00000000049
  endloop
endfacet
facet normal -1.11802038894806e-15 1.14871681924243e-15 1.0
  outer loop
    vertex 229194.484192483 -77880.9937711208 5000.00000000049
    vertex 229195.736113849 -77880.9338011313 5000.00000000049
    vertex 229195.55443369 -77880.6618975588 5000.00000000049
  endloop
endfacet
facet normal -1.11802038894806e-15 1.14871681924243e-15 1.0
  outer loop
    vertex 229194.484192483 -77880.9937711208 5000.00000000049
    vertex 229195.55443369 -77880.6618975588 5000.00000000049
    vertex 229194.32105034 -77880.8847630256 5000.00000000049
  endloop
endfacet
facet normal -1.11802038894806e-15 1.14871681924243e-15 1.0
  outer loop
    vertex 229194.32105034 -77880.8847630256 5000.00000000049
    vertex 229195.55443369 -77880.6618975588 5000.00000000049
    vertex 229194.145075488 -77880.7979818325 5000.00000000049
  endloop
endfacet
facet normal -1.11802038894806e-15 1.14871681924243e-15 1.0
  outer loop
    vertex 229194.145075488 -77880.7979818325 5000.00000000049
    vertex 229195.55443369 -77880.6618975588 5000.00000000049
    vertex 229195.338817293 -77880.4160341783 5000.00000000049
  endloop
endfacet
facet normal -1.11802038894806e-15 1.14871681924243e-15 1.0
  outer loop
    vertex 229194.145075488 -77880.7979818325 5000.00000000049
    vertex 229195.338817293 -77880.4160341783 5000.00000000049
    vertex 229193.959278907 -77880.7349123919 5000.00000000049
  endloop
endfacet
facet normal -1.11802038894806e-15 1.14871681924243e-15 1.0
  outer loop
    vertex 229193.959278907 -77880.7349123919 5000.00000000049
    vertex 229195.338817293 -77880.4160341783 5000.00000000049
    vertex 229193.766839628 -77880.6966338392 5000.00000000049
  endloop
endfacet
facet normal -1.11802038894806e-15 1.14871681924243e-15 1.0
  outer loop
    vertex 229193.766839628 -77880.6966338392 5000.00000000049
    vertex 229195.338817293 -77880.4160341783 5000.00000000049
    vertex 229193.57105034 -77880.6838011313 5000.00000000049
  endloop
endfacet
facet normal -1.11802038894806e-15 1.14871681924243e-15 1.0
  outer loop
    vertex 229193.57105034 -77880.6838011313 5000.00000000049
    vertex 229195.338817293 -77880.4160341783 5000.00000000049
    vertex 229193.375261051 -77880.6966338392 5000.00000000049
  endloop
endfacet
facet normal -1.11802038894806e-15 1.14871681924243e-15 1.0
  outer loop
    vertex 229193.375261051 -77880.6966338392 5000.00000000049
    vertex 229195.338817293 -77880.4160341783 5000.00000000049
    vertex 229055.685228008 -77740.762444894 5000.00000000049
  endloop
endfacet
facet normal -1.11802038894806e-15 1.14871681924243e-15 1.0
  outer loop
    vertex 229193.375261051 -77880.6966338392 5000.00000000049
    vertex 229055.685228008 -77740.762444894 5000.00000000049
    vertex 229052.723719251 -77742.1482641927 5000.00000000049
  endloop
endfacet
facet normal -1.11802038894806e-15 1.14871681924243e-15 1.0
  outer loop
    vertex 229193.375261051 -77880.6966338392 5000.00000000049
    vertex 229052.723719251 -77742.1482641927 5000.00000000049
    vertex 229052.53792267 -77742.2113336334 5000.00000000049
  endloop
endfacet
facet normal -1.11802038894806e-15 1.14871681924243e-15 1.0
  outer loop
    vertex 229193.375261051 -77880.6966338392 5000.00000000049
    vertex 229052.53792267 -77742.2113336334 5000.00000000049
    vertex 229052.345483391 -77742.249612186 5000.00000000049
  endloop
endfacet
facet normal -1.11802038894806e-15 1.14871681924243e-15 1.0
  outer loop
    vertex 229052.723719251 -77742.1482641927 5000.00000000049
    vertex 229055.685228008 -77740.762444894 5000.00000000049
    vertex 229052.899694102 -77742.0614829996 5000.00000000049
  endloop
endfacet
facet normal -1.11802038894806e-15 1.14871681924243e-15 1.0
  outer loop
    vertex 229052.899694102 -77742.0614829996 5000.00000000049
    vertex 229055.685228008 -77740.762444894 5000.00000000049
    vertex 229053.062836246 -77741.9524749044 5000.00000000049
  endloop
endfacet
facet normal -1.11802038894806e-15 1.14871681924243e-15 1.0
  outer loop
    vertex 229053.062836246 -77741.9524749044 5000.00000000049
    vertex 229055.685228008 -77740.762444894 5000.00000000049
    vertex 229053.210354274 -77741.8231050657 5000.00000000049
  endloop
endfacet
facet normal -1.11802038894806e-15 1.14871681924243e-15 1.0
  outer loop
    vertex 229053.210354274 -77741.8231050657 5000.00000000049
    vertex 229055.685228008 -77740.762444894 5000.00000000049
    vertex 229053.339724113 -77741.6755870375 5000.00000000049
  endloop
endfacet
facet normal -1.11802038894806e-15 1.14871681924243e-15 1.0
  outer loop
    vertex 229053.339724113 -77741.6755870375 5000.00000000049
    vertex 229055.685228008 -77740.762444894 5000.00000000049
    vertex 229053.448732208 -77741.512444894 5000.00000000049
  endloop
endfacet
facet normal -1.11802038894806e-15 1.14871681924243e-15 1.0
  outer loop
    vertex 229053.448732208 -77741.512444894 5000.00000000049
    vertex 229055.685228008 -77740.762444894 5000.00000000049
    vertex 229053.535513401 -77741.3364700425 5000.00000000049
  endloop
endfacet
facet normal -1.11802038894806e-15 1.14871681924243e-15 1.0
  outer loop
    vertex 229053.535513401 -77741.3364700425 5000.00000000049
    vertex 229055.685228008 -77740.762444894 5000.00000000049
    vertex 229053.598582842 -77741.1506734616 5000.00000000049
  endloop
endfacet
facet normal -1.11802038894806e-15 1.14871681924243e-15 1.0
  outer loop
    vertex 229053.598582842 -77741.1506734616 5000.00000000049
    vertex 229055.685228008 -77740.762444894 5000.00000000049
    vertex 229053.636861394 -77740.9582341823 5000.00000000049
  endloop
endfacet
facet normal -1.11802038894806e-15 1.14871681924243e-15 1.0
  outer loop
    vertex 229053.636861394 -77740.9582341823 5000.00000000049
    vertex 229055.685228008 -77740.762444894 5000.00000000049
    vertex 229159.983478233 -77636.464194669 5000.00000000049
  endloop
endfacet
facet normal -1.11802038894806e-15 1.14871681924243e-15 1.0
  outer loop
    vertex 229053.636861394 -77740.9582341823 5000.00000000049
    vertex 229159.983478233 -77636.464194669 5000.00000000049
    vertex 229053.649694102 -77740.762444894 5000.00000000049
  endloop
endfacet
facet normal -1.11802038894806e-15 1.14871681924243e-15 1.0
  outer loop
    vertex 229053.649694102 -77740.762444894 5000.00000000049
    vertex 229159.983478233 -77636.464194669 5000.00000000049
    vertex 229053.636861394 -77740.5666556057 5000.00000000049
  endloop
endfacet
facet normal -1.11802038894806e-15 1.14871681924243e-15 1.0
  outer loop
    vertex 229053.636861394 -77740.5666556057 5000.00000000049
    vertex 229159.983478233 -77636.464194669 5000.00000000049
    vertex 229053.598582842 -77740.3742163263 5000.00000000049
  endloop
endfacet
facet normal -1.11802038894806e-15 1.14871681924243e-15 1.0
  outer loop
    vertex 229053.598582842 -77740.3742163263 5000.00000000049
    vertex 229159.983478233 -77636.464194669 5000.00000000049
    vertex 229053.535513401 -77740.1884197454 5000.00000000049
  endloop
endfacet
facet normal -1.11802038894806e-15 1.14871681924243e-15 1.0
  outer loop
    vertex 229053.535513401 -77740.1884197454 5000.00000000049
    vertex 229159.983478233 -77636.464194669 5000.00000000049
    vertex 229053.448732208 -77740.012444894 5000.00000000049
  endloop
endfacet
facet normal -1.11802038894806e-15 1.14871681924243e-15 1.0
  outer loop
    vertex 229053.448732208 -77740.012444894 5000.00000000049
    vertex 229159.983478233 -77636.464194669 5000.00000000049
    vertex 229053.339724113 -77739.8493027505 5000.00000000049
  endloop
endfacet
facet normal -1.11802038894806e-15 1.14871681924243e-15 1.0
  outer loop
    vertex 229053.339724113 -77739.8493027505 5000.00000000049
    vertex 229159.983478233 -77636.464194669 5000.00000000049
    vertex 229053.210354274 -77739.7017847222 5000.00000000049
  endloop
endfacet
facet normal -1.11802038894806e-15 1.14871681924243e-15 1.0
  outer loop
    vertex 229053.210354274 -77739.7017847222 5000.00000000049
    vertex 229159.983478233 -77636.464194669 5000.00000000049
    vertex 229053.062836246 -77739.5724148835 5000.00000000049
  endloop
endfacet
facet normal -1.11802038894806e-15 1.14871681924243e-15 1.0
  outer loop
    vertex 229053.062836246 -77739.5724148835 5000.00000000049
    vertex 229159.983478233 -77636.464194669 5000.00000000049
    vertex 229052.899694102 -77739.4634067883 5000.00000000049
  endloop
endfacet
facet normal -1.11802038894806e-15 1.14871681924243e-15 1.0
  outer loop
    vertex 229052.899694102 -77739.4634067883 5000.00000000049
    vertex 229159.983478233 -77636.464194669 5000.00000000049
    vertex 229052.723719251 -77739.3766255952 5000.00000000049
  endloop
endfacet
facet normal -1.11802038894806e-15 1.14871681924243e-15 1.0
  outer loop
    vertex 229052.723719251 -77739.3766255952 5000.00000000049
    vertex 229159.983478233 -77636.464194669 5000.00000000049
    vertex 229052.53792267 -77739.3135561545 5000.00000000049
  endloop
endfacet
facet normal -1.11802038894806e-15 1.14871681924243e-15 1.0
  outer loop
    vertex 229052.53792267 -77739.3135561545 5000.00000000049
    vertex 229159.983478233 -77636.464194669 5000.00000000049
    vertex 229052.345483391 -77739.2752776019 5000.00000000049
  endloop
endfacet
facet normal -1.11802038894806e-15 1.14871681924243e-15 1.0
  outer loop
    vertex 229052.345483391 -77739.2752776019 5000.00000000049
    vertex 229159.983478233 -77636.464194669 5000.00000000049
    vertex 229052.149694102 -77739.262444894 5000.00000000049
  endloop
endfacet
facet normal -1.11802038894806e-15 1.14871681924243e-15 1.0
  outer loop
    vertex 229052.149694102 -77739.262444894 5000.00000000049
    vertex 229159.983478233 -77636.464194669 5000.00000000049
    vertex 229051.953904814 -77739.2752776019 5000.00000000049
  endloop
endfacet
facet normal -1.11802038894806e-15 1.14871681924243e-15 1.0
  outer loop
    vertex 229051.953904814 -77739.2752776019 5000.00000000049
    vertex 229159.983478233 -77636.464194669 5000.00000000049
    vertex 229049.984630593 -77739.512444894 5000.00000000049
  endloop
endfacet
facet normal -1.11802038894806e-15 1.14871681924243e-15 1.0
  outer loop
    vertex 229049.984630593 -77739.512444894 5000.00000000049
    vertex 229159.983478233 -77636.464194669 5000.00000000049
    vertex 229050.166310752 -77739.2405413215 5000.00000000049
  endloop
endfacet
facet normal -1.11802038894806e-15 1.14871681924243e-15 1.0
  outer loop
    vertex 229050.166310752 -77739.2405413215 5000.00000000049
    vertex 229159.983478233 -77636.464194669 5000.00000000049
    vertex 229050.381927149 -77738.994677941 5000.00000000049
  endloop
endfacet
facet normal -1.11802038894806e-15 1.14871681924243e-15 1.0
  outer loop
    vertex 229050.381927149 -77738.994677941 5000.00000000049
    vertex 229159.983478233 -77636.464194669 5000.00000000049
    vertex 229158.019921992 -77636.1835950081 5000.00000000049
  endloop
endfacet
facet normal -1.11802038894806e-15 1.14871681924243e-15 1.0
  outer loop
    vertex 229050.381927149 -77738.994677941 5000.00000000049
    vertex 229158.019921992 -77636.1835950081 5000.00000000049
    vertex 229157.827482713 -77636.1453164554 5000.00000000049
  endloop
endfacet
facet normal -1.11802038894806e-15 1.14871681924243e-15 1.0
  outer loop
    vertex 229050.381927149 -77738.994677941 5000.00000000049
    vertex 229157.827482713 -77636.1453164554 5000.00000000049
    vertex 229157.641686132 -77636.0822470148 5000.00000000049
  endloop
endfacet
facet normal -1.11802038894806e-15 1.14871681924243e-15 1.0
  outer loop
    vertex 229050.381927149 -77738.994677941 5000.00000000049
    vertex 229157.641686132 -77636.0822470148 5000.00000000049
    vertex 229157.46571128 -77635.9954658217 5000.00000000049
  endloop
endfacet
facet normal -1.11802038894806e-15 1.14871681924243e-15 1.0
  outer loop
    vertex 229050.381927149 -77738.994677941 5000.00000000049
    vertex 229157.46571128 -77635.9954658217 5000.00000000049
    vertex 229157.302569137 -77635.8864577264 5000.00000000049
  endloop
endfacet
facet normal -1.11802038894806e-15 1.14871681924243e-15 1.0
  outer loop
    vertex 229050.381927149 -77738.994677941 5000.00000000049
    vertex 229157.302569137 -77635.8864577264 5000.00000000049
    vertex 229157.155051109 -77635.7570878878 5000.00000000049
  endloop
endfacet
facet normal -1.11802038894806e-15 1.14871681924243e-15 1.0
  outer loop
    vertex 229050.381927149 -77738.994677941 5000.00000000049
    vertex 229157.155051109 -77635.7570878878 5000.00000000049
    vertex 229157.02568127 -77635.6095698595 5000.00000000049
  endloop
endfacet
facet normal -1.11802038894806e-15 1.14871681924243e-15 1.0
  outer loop
    vertex 229050.381927149 -77738.994677941 5000.00000000049
    vertex 229157.02568127 -77635.6095698595 5000.00000000049
    vertex 229156.916673175 -77635.446427716 5000.00000000049
  endloop
endfacet
facet normal -1.11802038894806e-15 1.14871681924243e-15 1.0
  outer loop
    vertex 229050.381927149 -77738.994677941 5000.00000000049
    vertex 229156.916673175 -77635.446427716 5000.00000000049
    vertex 229156.829891982 -77635.2704528646 5000.00000000049
  endloop
endfacet
facet normal -1.11802038894806e-15 1.14871681924243e-15 1.0
  outer loop
    vertex 229050.381927149 -77738.994677941 5000.00000000049
    vertex 229156.829891982 -77635.2704528646 5000.00000000049
    vertex 229156.766822541 -77635.0846562836 5000.00000000049
  endloop
endfacet
facet normal -1.11802038894806e-15 1.14871681924243e-15 1.0
  outer loop
    vertex 229050.381927149 -77738.994677941 5000.00000000049
    vertex 229156.766822541 -77635.0846562836 5000.00000000049
    vertex 229156.728543988 -77634.8922170043 5000.00000000049
  endloop
endfacet
facet normal -1.11802038894806e-15 1.14871681924243e-15 1.0
  outer loop
    vertex 229050.381927149 -77738.994677941 5000.00000000049
    vertex 229156.728543988 -77634.8922170043 5000.00000000049
    vertex 229156.447944327 -77632.928660763 5000.00000000049
  endloop
endfacet
facet normal -1.11802038894806e-15 1.14871681924243e-15 1.0
  outer loop
    vertex 229158.019921992 -77636.1835950081 5000.00000000049
    vertex 229159.983478233 -77636.464194669 5000.00000000049
    vertex 229158.21571128 -77636.196427716 5000.00000000049
  endloop
endfacet
facet normal -1.11802038894806e-15 1.14871681924243e-15 1.0
  outer loop
    vertex 229158.21571128 -77636.196427716 5000.00000000049
    vertex 229159.983478233 -77636.464194669 5000.00000000049
    vertex 229160.199094631 -77636.2183312885 5000.00000000049
  endloop
endfacet
facet normal -1.11802038894806e-15 1.14871681924243e-15 1.0
  outer loop
    vertex 229158.21571128 -77636.196427716 5000.00000000049
    vertex 229160.199094631 -77636.2183312885 5000.00000000049
    vertex 229158.411500569 -77636.1835950081 5000.00000000049
  endloop
endfacet
facet normal -1.11802038894806e-15 1.14871681924243e-15 1.0
  outer loop
    vertex 229158.411500569 -77636.1835950081 5000.00000000049
    vertex 229160.199094631 -77636.2183312885 5000.00000000049
    vertex 229160.38077479 -77635.946427716 5000.00000000049
  endloop
endfacet
facet normal -1.11802038894806e-15 1.14871681924243e-15 1.0
  outer loop
    vertex 229156.447944327 -77632.928660763 5000.00000000049
    vertex 229156.728543988 -77634.8922170043 5000.00000000049
    vertex 229156.71571128 -77634.696427716 5000.00000000049
  endloop
endfacet
facet normal -1.11802038894806e-15 1.14871681924243e-15 1.0
  outer loop
    vertex 229156.447944327 -77632.928660763 5000.00000000049
    vertex 229156.71571128 -77634.696427716 5000.00000000049
    vertex 229156.728543988 -77634.5006384277 5000.00000000049
  endloop
endfacet
facet normal -1.11802038894806e-15 1.14871681924243e-15 1.0
  outer loop
    vertex 229156.447944327 -77632.928660763 5000.00000000049
    vertex 229156.728543988 -77634.5006384277 5000.00000000049
    vertex 229156.766822541 -77634.3081991483 5000.00000000049
  endloop
endfacet
facet normal -1.11802038894806e-15 1.14871681924243e-15 1.0
  outer loop
    vertex 229156.447944327 -77632.928660763 5000.00000000049
    vertex 229156.766822541 -77634.3081991483 5000.00000000049
    vertex 229156.829891982 -77634.1224025674 5000.00000000049
  endloop
endfacet
facet normal -1.11802038894806e-15 1.14871681924243e-15 1.0
  outer loop
    vertex 229156.447944327 -77632.928660763 5000.00000000049
    vertex 229156.829891982 -77634.1224025674 5000.00000000049
    vertex 229156.916673175 -77633.946427716 5000.00000000049
  endloop
endfacet
facet normal -1.11802038894806e-15 1.14871681924243e-15 1.0
  outer loop
    vertex 229156.447944327 -77632.928660763 5000.00000000049
    vertex 229156.916673175 -77633.946427716 5000.00000000049
    vertex 229157.02568127 -77633.7832855725 5000.00000000049
  endloop
endfacet
facet normal -1.11802038894806e-15 1.14871681924243e-15 1.0
  outer loop
    vertex 229156.447944327 -77632.928660763 5000.00000000049
    vertex 229157.02568127 -77633.7832855725 5000.00000000049
    vertex 229157.155051109 -77633.6357675442 5000.00000000049
  endloop
endfacet
facet normal -1.11802038894806e-15 1.14871681924243e-15 1.0
  outer loop
    vertex 229156.447944327 -77632.928660763 5000.00000000049
    vertex 229157.155051109 -77633.6357675442 5000.00000000049
    vertex 229157.302569137 -77633.5063977056 5000.00000000049
  endloop
endfacet
facet normal -1.11802038894806e-15 1.14871681924243e-15 1.0
  outer loop
    vertex 229156.447944327 -77632.928660763 5000.00000000049
    vertex 229157.302569137 -77633.5063977056 5000.00000000049
    vertex 229157.46571128 -77633.3973896103 5000.00000000049
  endloop
endfacet
facet normal -1.11802038894806e-15 1.14871681924243e-15 1.0
  outer loop
    vertex 229156.447944327 -77632.928660763 5000.00000000049
    vertex 229157.46571128 -77633.3973896103 5000.00000000049
    vertex 229157.641686132 -77633.3106084172 5000.00000000049
  endloop
endfacet
facet normal -1.11802038894806e-15 1.14871681924243e-15 1.0
  outer loop
    vertex 229156.447944327 -77632.928660763 5000.00000000049
    vertex 229157.641686132 -77633.3106084172 5000.00000000049
    vertex 229157.827482713 -77633.2475389766 5000.00000000049
  endloop
endfacet
facet normal -1.11802038894806e-15 1.14871681924243e-15 1.0
  outer loop
    vertex 229156.447944327 -77632.928660763 5000.00000000049
    vertex 229157.827482713 -77633.2475389766 5000.00000000049
    vertex 229158.019921992 -77633.2092604239 5000.00000000049
  endloop
endfacet
facet normal -1.11802038894806e-15 1.14871681924243e-15 1.0
  outer loop
    vertex 229156.447944327 -77632.928660763 5000.00000000049
    vertex 229158.019921992 -77633.2092604239 5000.00000000049
    vertex 229159.737614853 -77632.7130443653 5000.00000000049
  endloop
endfacet
facet normal -1.11802038894806e-15 1.14871681924243e-15 1.0
  outer loop
    vertex 229156.447944327 -77632.928660763 5000.00000000049
    vertex 229159.737614853 -77632.7130443653 5000.00000000049
    vertex 229159.46571128 -77632.5313642065 5000.00000000049
  endloop
endfacet
facet normal -1.11802038894806e-15 1.14871681924243e-15 1.0
  outer loop
    vertex 229156.447944327 -77632.928660763 5000.00000000049
    vertex 229159.46571128 -77632.5313642065 5000.00000000049
    vertex 229159.172419861 -77632.3867288847 5000.00000000049
  endloop
endfacet
facet normal -1.11802038894806e-15 1.14871681924243e-15 1.0
  outer loop
    vertex 229156.447944327 -77632.928660763 5000.00000000049
    vertex 229159.172419861 -77632.3867288847 5000.00000000049
    vertex 229156.693807708 -77632.7130443653 5000.00000000049
  endloop
endfacet
facet normal -1.11802038894806e-15 1.14871681924243e-15 1.0
  outer loop
    vertex 229156.693807708 -77632.7130443653 5000.00000000049
    vertex 229159.172419861 -77632.3867288847 5000.00000000049
    vertex 229158.862758893 -77632.2816131503 5000.00000000049
  endloop
endfacet
facet normal -1.11802038894806e-15 1.14871681924243e-15 1.0
  outer loop
    vertex 229156.693807708 -77632.7130443653 5000.00000000049
    vertex 229158.862758893 -77632.2816131503 5000.00000000049
    vertex 229156.96571128 -77632.5313642065 5000.00000000049
  endloop
endfacet
facet normal -1.11802038894806e-15 1.14871681924243e-15 1.0
  outer loop
    vertex 229156.96571128 -77632.5313642065 5000.00000000049
    vertex 229158.862758893 -77632.2816131503 5000.00000000049
    vertex 229158.542026761 -77632.2178155626 5000.00000000049
  endloop
endfacet
facet normal -1.11802038894806e-15 1.14871681924243e-15 1.0
  outer loop
    vertex 229156.96571128 -77632.5313642065 5000.00000000049
    vertex 229158.542026761 -77632.2178155626 5000.00000000049
    vertex 229157.259002699 -77632.3867288847 5000.00000000049
  endloop
endfacet
facet normal -1.11802038894806e-15 1.14871681924243e-15 1.0
  outer loop
    vertex 229157.259002699 -77632.3867288847 5000.00000000049
    vertex 229158.542026761 -77632.2178155626 5000.00000000049
    vertex 229158.21571128 -77632.196427716 5000.00000000049
  endloop
endfacet
facet normal -1.11802038894806e-15 1.14871681924243e-15 1.0
  outer loop
    vertex 229157.259002699 -77632.3867288847 5000.00000000049
    vertex 229158.21571128 -77632.196427716 5000.00000000049
    vertex 229157.568663668 -77632.2816131503 5000.00000000049
  endloop
endfacet
facet normal -1.11802038894806e-15 1.14871681924243e-15 1.0
  outer loop
    vertex 229157.568663668 -77632.2816131503 5000.00000000049
    vertex 229158.21571128 -77632.196427716 5000.00000000049
    vertex 229157.8893958 -77632.2178155626 5000.00000000049
  endloop
endfacet
facet normal -1.11802038894806e-15 1.14871681924243e-15 1.0
  outer loop
    vertex 229194.218097952 -77884.598615697 5000.00000000049
    vertex 229193.57105034 -77884.6838011313 5000.00000000049
    vertex 229193.89736582 -77884.6624132847 5000.00000000049
  endloop
endfacet
facet normal -1.11802038894806e-15 1.14871681924243e-15 1.0
  outer loop
    vertex 229193.57105034 -77884.6838011313 5000.00000000049
    vertex 229194.218097952 -77884.598615697 5000.00000000049
    vertex 229194.527758921 -77884.4934999626 5000.00000000049
  endloop
endfacet
facet normal -1.11802038894806e-15 1.14871681924243e-15 1.0
  outer loop
    vertex 229193.57105034 -77884.6838011313 5000.00000000049
    vertex 229194.527758921 -77884.4934999626 5000.00000000049
    vertex 229193.244734859 -77884.6624132847 5000.00000000049
  endloop
endfacet
facet normal -1.11802038894806e-15 1.14871681924243e-15 1.0
  outer loop
    vertex 229193.244734859 -77884.6624132847 5000.00000000049
    vertex 229194.527758921 -77884.4934999626 5000.00000000049
    vertex 229194.82105034 -77884.3488646407 5000.00000000049
  endloop
endfacet
facet normal -1.11802038894806e-15 1.14871681924243e-15 1.0
  outer loop
    vertex 229193.244734859 -77884.6624132847 5000.00000000049
    vertex 229194.82105034 -77884.3488646407 5000.00000000049
    vertex 229192.924002727 -77884.598615697 5000.00000000049
  endloop
endfacet
facet normal -1.11802038894806e-15 1.14871681924243e-15 1.0
  outer loop
    vertex 229192.924002727 -77884.598615697 5000.00000000049
    vertex 229194.82105034 -77884.3488646407 5000.00000000049
    vertex 229195.092953912 -77884.167184482 5000.00000000049
  endloop
endfacet
facet normal -1.11802038894806e-15 1.14871681924243e-15 1.0
  outer loop
    vertex 229192.924002727 -77884.598615697 5000.00000000049
    vertex 229195.092953912 -77884.167184482 5000.00000000049
    vertex 229192.614341759 -77884.4934999626 5000.00000000049
  endloop
endfacet
facet normal -1.11802038894806e-15 1.14871681924243e-15 1.0
  outer loop
    vertex 229192.614341759 -77884.4934999626 5000.00000000049
    vertex 229195.092953912 -77884.167184482 5000.00000000049
    vertex 229195.338817293 -77883.9515680843 5000.00000000049
  endloop
endfacet
facet normal -1.11802038894806e-15 1.14871681924243e-15 1.0
  outer loop
    vertex 229192.614341759 -77884.4934999626 5000.00000000049
    vertex 229195.338817293 -77883.9515680843 5000.00000000049
    vertex 229192.32105034 -77884.3488646407 5000.00000000049
  endloop
endfacet
facet normal -1.11802038894806e-15 1.14871681924243e-15 1.0
  outer loop
    vertex 229192.32105034 -77884.3488646407 5000.00000000049
    vertex 229195.338817293 -77883.9515680843 5000.00000000049
    vertex 229195.55443369 -77883.7057047038 5000.00000000049
  endloop
endfacet
facet normal -1.11802038894806e-15 1.14871681924243e-15 1.0
  outer loop
    vertex 229192.32105034 -77884.3488646407 5000.00000000049
    vertex 229195.55443369 -77883.7057047038 5000.00000000049
    vertex 229192.049146767 -77884.167184482 5000.00000000049
  endloop
endfacet
facet normal -1.11802038894806e-15 1.14871681924243e-15 1.0
  outer loop
    vertex 229192.049146767 -77884.167184482 5000.00000000049
    vertex 229195.55443369 -77883.7057047038 5000.00000000049
    vertex 229195.736113849 -77883.4338011313 5000.00000000049
  endloop
endfacet
facet normal -1.11802038894806e-15 1.14871681924243e-15 1.0
  outer loop
    vertex 229192.049146767 -77884.167184482 5000.00000000049
    vertex 229195.736113849 -77883.4338011313 5000.00000000049
    vertex 229191.803283387 -77883.9515680843 5000.00000000049
  endloop
endfacet
facet normal -1.11802038894806e-15 1.14871681924243e-15 1.0
  outer loop
    vertex 229191.803283387 -77883.9515680843 5000.00000000049
    vertex 229195.736113849 -77883.4338011313 5000.00000000049
    vertex 229193.766839628 -77883.6709684233 5000.00000000049
  endloop
endfacet
facet normal -1.11802038894806e-15 1.14871681924243e-15 1.0
  outer loop
    vertex 229191.803283387 -77883.9515680843 5000.00000000049
    vertex 229193.766839628 -77883.6709684233 5000.00000000049
    vertex 229193.57105034 -77883.6838011313 5000.00000000049
  endloop
endfacet
facet normal -1.11802038894806e-15 1.14871681924243e-15 1.0
  outer loop
    vertex 229191.803283387 -77883.9515680843 5000.00000000049
    vertex 229193.57105034 -77883.6838011313 5000.00000000049
    vertex 229193.375261051 -77883.6709684233 5000.00000000049
  endloop
endfacet
facet normal -1.11802038894806e-15 1.14871681924243e-15 1.0
  outer loop
    vertex 229191.803283387 -77883.9515680843 5000.00000000049
    vertex 229193.375261051 -77883.6709684233 5000.00000000049
    vertex 229193.182821772 -77883.6326898707 5000.00000000049
  endloop
endfacet
facet normal -1.11802038894806e-15 1.14871681924243e-15 1.0
  outer loop
    vertex 229191.803283387 -77883.9515680843 5000.00000000049
    vertex 229193.182821772 -77883.6326898707 5000.00000000049
    vertex 229192.997025191 -77883.56962043 5000.00000000049
  endloop
endfacet
facet normal -1.11802038894806e-15 1.14871681924243e-15 1.0
  outer loop
    vertex 229191.803283387 -77883.9515680843 5000.00000000049
    vertex 229192.997025191 -77883.56962043 5000.00000000049
    vertex 229192.82105034 -77883.482839237 5000.00000000049
  endloop
endfacet
facet normal -1.11802038894806e-15 1.14871681924243e-15 1.0
  outer loop
    vertex 229191.803283387 -77883.9515680843 5000.00000000049
    vertex 229192.82105034 -77883.482839237 5000.00000000049
    vertex 229192.657908196 -77883.3738311417 5000.00000000049
  endloop
endfacet
facet normal -1.11802038894806e-15 1.14871681924243e-15 1.0
  outer loop
    vertex 229191.803283387 -77883.9515680843 5000.00000000049
    vertex 229192.657908196 -77883.3738311417 5000.00000000049
    vertex 229192.510390168 -77883.2444613031 5000.00000000049
  endloop
endfacet
facet normal -1.11802038894806e-15 1.14871681924243e-15 1.0
  outer loop
    vertex 229191.803283387 -77883.9515680843 5000.00000000049
    vertex 229192.510390168 -77883.2444613031 5000.00000000049
    vertex 229050.381927149 -77742.5302118469 5000.00000000049
  endloop
endfacet
facet normal -1.11802038894806e-15 1.14871681924243e-15 1.0
  outer loop
    vertex 229050.381927149 -77742.5302118469 5000.00000000049
    vertex 229192.510390168 -77883.2444613031 5000.00000000049
    vertex 229192.381020329 -77883.0969432748 5000.00000000049
  endloop
endfacet
facet normal -1.11802038894806e-15 1.14871681924243e-15 1.0
  outer loop
    vertex 229050.381927149 -77742.5302118469 5000.00000000049
    vertex 229192.381020329 -77883.0969432748 5000.00000000049
    vertex 229192.272012234 -77882.9338011313 5000.00000000049
  endloop
endfacet
facet normal -1.11802038894806e-15 1.14871681924243e-15 1.0
  outer loop
    vertex 229050.381927149 -77742.5302118469 5000.00000000049
    vertex 229192.272012234 -77882.9338011313 5000.00000000049
    vertex 229192.185231041 -77882.7578262798 5000.00000000049
  endloop
endfacet
facet normal -1.11802038894806e-15 1.14871681924243e-15 1.0
  outer loop
    vertex 229050.381927149 -77742.5302118469 5000.00000000049
    vertex 229192.185231041 -77882.7578262798 5000.00000000049
    vertex 229192.1221616 -77882.5720296989 5000.00000000049
  endloop
endfacet
facet normal -1.11802038894806e-15 1.14871681924243e-15 1.0
  outer loop
    vertex 229050.381927149 -77742.5302118469 5000.00000000049
    vertex 229192.1221616 -77882.5720296989 5000.00000000049
    vertex 229192.083883048 -77882.3795904196 5000.00000000049
  endloop
endfacet
facet normal -1.11802038894806e-15 1.14871681924243e-15 1.0
  outer loop
    vertex 229050.381927149 -77742.5302118469 5000.00000000049
    vertex 229192.083883048 -77882.3795904196 5000.00000000049
    vertex 229192.07105034 -77882.1838011313 5000.00000000049
  endloop
endfacet
facet normal -1.11802038894806e-15 1.14871681924243e-15 1.0
  outer loop
    vertex 229050.381927149 -77742.5302118469 5000.00000000049
    vertex 229192.07105034 -77882.1838011313 5000.00000000049
    vertex 229192.083883048 -77881.988011843 5000.00000000049
  endloop
endfacet
facet normal -1.11802038894806e-15 1.14871681924243e-15 1.0
  outer loop
    vertex 229050.381927149 -77742.5302118469 5000.00000000049
    vertex 229192.083883048 -77881.988011843 5000.00000000049
    vertex 229192.1221616 -77881.7955725636 5000.00000000049
  endloop
endfacet
facet normal -1.11802038894806e-15 1.14871681924243e-15 1.0
  outer loop
    vertex 229050.381927149 -77742.5302118469 5000.00000000049
    vertex 229192.1221616 -77881.7955725636 5000.00000000049
    vertex 229192.185231041 -77881.6097759827 5000.00000000049
  endloop
endfacet
facet normal -1.11802038894806e-15 1.14871681924243e-15 1.0
  outer loop
    vertex 229050.381927149 -77742.5302118469 5000.00000000049
    vertex 229192.185231041 -77881.6097759827 5000.00000000049
    vertex 229192.272012234 -77881.4338011313 5000.00000000049
  endloop
endfacet
facet normal -1.11802038894806e-15 1.14871681924243e-15 1.0
  outer loop
    vertex 229050.381927149 -77742.5302118469 5000.00000000049
    vertex 229192.272012234 -77881.4338011313 5000.00000000049
    vertex 229192.381020329 -77881.2706589878 5000.00000000049
  endloop
endfacet
facet normal -1.11802038894806e-15 1.14871681924243e-15 1.0
  outer loop
    vertex 229050.381927149 -77742.5302118469 5000.00000000049
    vertex 229192.381020329 -77881.2706589878 5000.00000000049
    vertex 229192.510390168 -77881.1231409595 5000.00000000049
  endloop
endfacet
facet normal -1.11802038894806e-15 1.14871681924243e-15 1.0
  outer loop
    vertex 229050.381927149 -77742.5302118469 5000.00000000049
    vertex 229192.510390168 -77881.1231409595 5000.00000000049
    vertex 229192.657908196 -77880.9937711208 5000.00000000049
  endloop
endfacet
facet normal -1.11802038894806e-15 1.14871681924243e-15 1.0
  outer loop
    vertex 229050.381927149 -77742.5302118469 5000.00000000049
    vertex 229192.657908196 -77880.9937711208 5000.00000000049
    vertex 229192.82105034 -77880.8847630256 5000.00000000049
  endloop
endfacet
facet normal -1.11802038894806e-15 1.14871681924243e-15 1.0
  outer loop
    vertex 229050.381927149 -77742.5302118469 5000.00000000049
    vertex 229192.82105034 -77880.8847630256 5000.00000000049
    vertex 229192.997025191 -77880.7979818325 5000.00000000049
  endloop
endfacet
facet normal -1.11802038894806e-15 1.14871681924243e-15 1.0
  outer loop
    vertex 229050.381927149 -77742.5302118469 5000.00000000049
    vertex 229192.997025191 -77880.7979818325 5000.00000000049
    vertex 229193.182821772 -77880.7349123919 5000.00000000049
  endloop
endfacet
facet normal -1.11802038894806e-15 1.14871681924243e-15 1.0
  outer loop
    vertex 229050.381927149 -77742.5302118469 5000.00000000049
    vertex 229193.182821772 -77880.7349123919 5000.00000000049
    vertex 229193.375261051 -77880.6966338392 5000.00000000049
  endloop
endfacet
facet normal -1.11802038894806e-15 1.14871681924243e-15 1.0
  outer loop
    vertex 229050.381927149 -77742.5302118469 5000.00000000049
    vertex 229193.375261051 -77880.6966338392 5000.00000000049
    vertex 229052.345483391 -77742.249612186 5000.00000000049
  endloop
endfacet
facet normal -1.11802038894806e-15 1.14871681924243e-15 1.0
  outer loop
    vertex 229050.381927149 -77742.5302118469 5000.00000000049
    vertex 229052.345483391 -77742.249612186 5000.00000000049
    vertex 229052.149694102 -77742.262444894 5000.00000000049
  endloop
endfacet
facet normal -1.11802038894806e-15 1.14871681924243e-15 1.0
  outer loop
    vertex 229050.381927149 -77742.5302118469 5000.00000000049
    vertex 229052.149694102 -77742.262444894 5000.00000000049
    vertex 229050.166310752 -77742.2843484665 5000.00000000049
  endloop
endfacet
facet normal -1.11802038894806e-15 1.14871681924243e-15 1.0
  outer loop
    vertex 229050.166310752 -77742.2843484665 5000.00000000049
    vertex 229052.149694102 -77742.262444894 5000.00000000049
    vertex 229051.953904814 -77742.249612186 5000.00000000049
  endloop
endfacet
facet normal -1.11802038894806e-15 1.14871681924243e-15 1.0
  outer loop
    vertex 229050.166310752 -77742.2843484665 5000.00000000049
    vertex 229051.953904814 -77742.249612186 5000.00000000049
    vertex 229051.761465535 -77742.2113336334 5000.00000000049
  endloop
endfacet
facet normal -1.11802038894806e-15 1.14871681924243e-15 1.0
  outer loop
    vertex 229050.166310752 -77742.2843484665 5000.00000000049
    vertex 229051.761465535 -77742.2113336334 5000.00000000049
    vertex 229051.575668954 -77742.1482641927 5000.00000000049
  endloop
endfacet
facet normal -1.11802038894806e-15 1.14871681924243e-15 1.0
  outer loop
    vertex 229050.166310752 -77742.2843484665 5000.00000000049
    vertex 229051.575668954 -77742.1482641927 5000.00000000049
    vertex 229051.399694102 -77742.0614829996 5000.00000000049
  endloop
endfacet
facet normal -1.11802038894806e-15 1.14871681924243e-15 1.0
  outer loop
    vertex 229050.166310752 -77742.2843484665 5000.00000000049
    vertex 229051.399694102 -77742.0614829996 5000.00000000049
    vertex 229049.984630593 -77742.012444894 5000.00000000049
  endloop
endfacet
facet normal -1.11802038894806e-15 1.14871681924243e-15 1.0
  outer loop
    vertex 229049.984630593 -77742.012444894 5000.00000000049
    vertex 229051.399694102 -77742.0614829996 5000.00000000049
    vertex 229051.236551959 -77741.9524749044 5000.00000000049
  endloop
endfacet
facet normal -1.11802038894806e-15 1.14871681924243e-15 1.0
  outer loop
    vertex 229049.984630593 -77742.012444894 5000.00000000049
    vertex 229051.236551959 -77741.9524749044 5000.00000000049
    vertex 229051.089033931 -77741.8231050657 5000.00000000049
  endloop
endfacet
facet normal -1.11802038894806e-15 1.14871681924243e-15 1.0
  outer loop
    vertex 229049.984630593 -77742.012444894 5000.00000000049
    vertex 229051.089033931 -77741.8231050657 5000.00000000049
    vertex 229049.839995271 -77741.7191534749 5000.00000000049
  endloop
endfacet
facet normal -1.11802038894806e-15 1.14871681924243e-15 1.0
  outer loop
    vertex 229049.839995271 -77741.7191534749 5000.00000000049
    vertex 229051.089033931 -77741.8231050657 5000.00000000049
    vertex 229050.959664092 -77741.6755870375 5000.00000000049
  endloop
endfacet
facet normal -1.11802038894806e-15 1.14871681924243e-15 1.0
  outer loop
    vertex 229049.839995271 -77741.7191534749 5000.00000000049
    vertex 229050.959664092 -77741.6755870375 5000.00000000049
    vertex 229050.850655997 -77741.512444894 5000.00000000049
  endloop
endfacet
facet normal -1.11802038894806e-15 1.14871681924243e-15 1.0
  outer loop
    vertex 229049.839995271 -77741.7191534749 5000.00000000049
    vertex 229050.850655997 -77741.512444894 5000.00000000049
    vertex 229049.734879537 -77741.4094925067 5000.00000000049
  endloop
endfacet
facet normal -1.11802038894806e-15 1.14871681924243e-15 1.0
  outer loop
    vertex 229049.734879537 -77741.4094925067 5000.00000000049
    vertex 229050.850655997 -77741.512444894 5000.00000000049
    vertex 229050.763874804 -77741.3364700425 5000.00000000049
  endloop
endfacet
facet normal -1.11802038894806e-15 1.14871681924243e-15 1.0
  outer loop
    vertex 229049.734879537 -77741.4094925067 5000.00000000049
    vertex 229050.763874804 -77741.3364700425 5000.00000000049
    vertex 229050.700805363 -77741.1506734616 5000.00000000049
  endloop
endfacet
facet normal -1.11802038894806e-15 1.14871681924243e-15 1.0
  outer loop
    vertex 229049.734879537 -77741.4094925067 5000.00000000049
    vertex 229050.700805363 -77741.1506734616 5000.00000000049
    vertex 229049.671081949 -77741.0887603745 5000.00000000049
  endloop
endfacet
facet normal -1.11802038894806e-15 1.14871681924243e-15 1.0
  outer loop
    vertex 229049.671081949 -77741.0887603745 5000.00000000049
    vertex 229050.700805363 -77741.1506734616 5000.00000000049
    vertex 229050.66252681 -77740.9582341823 5000.00000000049
  endloop
endfacet
facet normal -1.11802038894806e-15 1.14871681924243e-15 1.0
  outer loop
    vertex 229049.671081949 -77741.0887603745 5000.00000000049
    vertex 229050.66252681 -77740.9582341823 5000.00000000049
    vertex 229050.649694102 -77740.762444894 5000.00000000049
  endloop
endfacet
facet normal -1.11802038894806e-15 1.14871681924243e-15 1.0
  outer loop
    vertex 229049.671081949 -77741.0887603745 5000.00000000049
    vertex 229050.649694102 -77740.762444894 5000.00000000049
    vertex 229049.649694102 -77740.762444894 5000.00000000049
  endloop
endfacet
facet normal -1.11802038894806e-15 1.14871681924243e-15 1.0
  outer loop
    vertex 229049.649694102 -77740.762444894 5000.00000000049
    vertex 229050.649694102 -77740.762444894 5000.00000000049
    vertex 229050.66252681 -77740.5666556057 5000.00000000049
  endloop
endfacet
facet normal -1.11802038894806e-15 1.14871681924243e-15 1.0
  outer loop
    vertex 229049.649694102 -77740.762444894 5000.00000000049
    vertex 229050.66252681 -77740.5666556057 5000.00000000049
    vertex 229049.671081949 -77740.4361294134 5000.00000000049
  endloop
endfacet
facet normal -1.11802038894806e-15 1.14871681924243e-15 1.0
  outer loop
    vertex 229049.671081949 -77740.4361294134 5000.00000000049
    vertex 229050.66252681 -77740.5666556057 5000.00000000049
    vertex 229050.700805363 -77740.3742163263 5000.00000000049
  endloop
endfacet
facet normal -1.11802038894806e-15 1.14871681924243e-15 1.0
  outer loop
    vertex 229049.671081949 -77740.4361294134 5000.00000000049
    vertex 229050.700805363 -77740.3742163263 5000.00000000049
    vertex 229050.763874804 -77740.1884197454 5000.00000000049
  endloop
endfacet
facet normal -1.11802038894806e-15 1.14871681924243e-15 1.0
  outer loop
    vertex 229049.671081949 -77740.4361294134 5000.00000000049
    vertex 229050.763874804 -77740.1884197454 5000.00000000049
    vertex 229049.734879537 -77740.1153972812 5000.00000000049
  endloop
endfacet
facet normal -1.11802038894806e-15 1.14871681924243e-15 1.0
  outer loop
    vertex 229049.734879537 -77740.1153972812 5000.00000000049
    vertex 229050.763874804 -77740.1884197454 5000.00000000049
    vertex 229050.850655997 -77740.012444894 5000.00000000049
  endloop
endfacet
facet normal -1.11802038894806e-15 1.14871681924243e-15 1.0
  outer loop
    vertex 229049.734879537 -77740.1153972812 5000.00000000049
    vertex 229050.850655997 -77740.012444894 5000.00000000049
    vertex 229050.959664092 -77739.8493027505 5000.00000000049
  endloop
endfacet
facet normal -1.11802038894806e-15 1.14871681924243e-15 1.0
  outer loop
    vertex 229049.734879537 -77740.1153972812 5000.00000000049
    vertex 229050.959664092 -77739.8493027505 5000.00000000049
    vertex 229049.839995271 -77739.8057363131 5000.00000000049
  endloop
endfacet
facet normal -1.11802038894806e-15 1.14871681924243e-15 1.0
  outer loop
    vertex 229049.839995271 -77739.8057363131 5000.00000000049
    vertex 229050.959664092 -77739.8493027505 5000.00000000049
    vertex 229051.089033931 -77739.7017847222 5000.00000000049
  endloop
endfacet
facet normal -1.11802038894806e-15 1.14871681924243e-15 1.0
  outer loop
    vertex 229049.839995271 -77739.8057363131 5000.00000000049
    vertex 229051.089033931 -77739.7017847222 5000.00000000049
    vertex 229051.236551959 -77739.5724148835 5000.00000000049
  endloop
endfacet
facet normal -1.11802038894806e-15 1.14871681924243e-15 1.0
  outer loop
    vertex 229049.839995271 -77739.8057363131 5000.00000000049
    vertex 229051.236551959 -77739.5724148835 5000.00000000049
    vertex 229049.984630593 -77739.512444894 5000.00000000049
  endloop
endfacet
facet normal -1.11802038894806e-15 1.14871681924243e-15 1.0
  outer loop
    vertex 229049.984630593 -77739.512444894 5000.00000000049
    vertex 229051.236551959 -77739.5724148835 5000.00000000049
    vertex 229051.399694102 -77739.4634067883 5000.00000000049
  endloop
endfacet
facet normal -1.11802038894806e-15 1.14871681924243e-15 1.0
  outer loop
    vertex 229049.984630593 -77739.512444894 5000.00000000049
    vertex 229051.399694102 -77739.4634067883 5000.00000000049
    vertex 229051.575668954 -77739.3766255952 5000.00000000049
  endloop
endfacet
facet normal -1.11802038894806e-15 1.14871681924243e-15 1.0
  outer loop
    vertex 229049.984630593 -77739.512444894 5000.00000000049
    vertex 229051.575668954 -77739.3766255952 5000.00000000049
    vertex 229051.761465535 -77739.3135561545 5000.00000000049
  endloop
endfacet
facet normal -1.11802038894806e-15 1.14871681924243e-15 1.0
  outer loop
    vertex 229049.984630593 -77739.512444894 5000.00000000049
    vertex 229051.761465535 -77739.3135561545 5000.00000000049
    vertex 229051.953904814 -77739.2752776019 5000.00000000049
  endloop
endfacet
facet normal -0.143429072318894 0.989660599000355 5.89118737538733e-17
  outer loop
    vertex 229146.976056545 -77797.028785557 4995.00000000049
    vertex 229162.762411378 -77794.740908045 4996.00000000049
    vertex 229162.762411378 -77794.740908045 4995.00000000049
  endloop
endfacet
facet normal -0.143429072318894 0.989660599000355 5.89118737538733e-17
  outer loop
    vertex 229162.762411378 -77794.740908045 4996.00000000049
    vertex 229146.976056545 -77797.028785557 4995.00000000049
    vertex 229146.976056545 -77797.028785557 4996.00000000049
  endloop
endfacet
facet normal -0.923879532511291 0.382683432365079 8.07793566946316e-31
  outer loop
    vertex 229156.829891982 -77634.1224025674 5006.00000000049
    vertex 229156.916673175 -77633.946427716 5000.00000000049
    vertex 229156.829891982 -77634.1224025674 5000.00000000049
  endloop
endfacet
facet normal -0.866025403784425 0.500000000000024 1.21169035041947e-30
  outer loop
    vertex 229156.916673175 -77633.946427716 5000.00000000049
    vertex 229156.829891982 -77634.1224025674 5006.00000000049
    vertex 229156.916673175 -77633.946427716 5006.00000000049
  endloop
endfacet
facet normal 0.991444861373815 0.13052619222002 -1.1499961816349e-15
  outer loop
    vertex 229160.694323434 -77634.3701122354 5000.00000000049
    vertex 229160.71571128 -77634.696427716 4995.00000000049
    vertex 229160.694323434 -77634.3701122354 4995.00000000049
  endloop
endfacet
facet normal 1.0 8.52651282912169e-17 -1.00399579890421e-15
  outer loop
    vertex 229160.71571128 -77634.696427716 4995.00000000049
    vertex 229160.694323434 -77634.3701122354 5000.00000000049
    vertex 229160.71571128 -77634.696427716 5000.00000000049
  endloop
endfacet
facet normal -0.991444861373802 0.130526192220115 1.21169035041947e-30
  outer loop
    vertex 229156.728543988 -77634.5006384277 5006.00000000049
    vertex 229156.766822541 -77634.3081991483 5000.00000000049
    vertex 229156.728543988 -77634.5006384277 5000.00000000049
  endloop
endfacet
facet normal -0.965925826289057 0.258819045102562 8.07793566946316e-31
  outer loop
    vertex 229156.766822541 -77634.3081991483 5000.00000000049
    vertex 229156.728543988 -77634.5006384277 5006.00000000049
    vertex 229156.766822541 -77634.3081991483 5006.00000000049
  endloop
endfacet
facet normal -0.965925826289057 0.258819045102563 1.61558713389263e-30
  outer loop
    vertex 229156.766822541 -77634.3081991483 5006.00000000049
    vertex 229156.829891982 -77634.1224025674 5000.00000000049
    vertex 229156.766822541 -77634.3081991483 5000.00000000049
  endloop
endfacet
facet normal -0.923879532511291 0.382683432365079 1.61558713389263e-30
  outer loop
    vertex 229156.829891982 -77634.1224025674 5000.00000000049
    vertex 229156.766822541 -77634.3081991483 5006.00000000049
    vertex 229156.829891982 -77634.1224025674 5006.00000000049
  endloop
endfacet
facet normal 0.866025403784441 -0.499999999999996 -4.03896783473158e-31
  outer loop
    vertex 229194.870088445 -77882.9338011313 5000.00000000049
    vertex 229194.76108035 -77883.0969432748 5006.00000000049
    vertex 229194.76108035 -77883.0969432748 5000.00000000049
  endloop
endfacet
facet normal 0.793353340291234 -0.608761429008722 -4.03896783473158e-31
  outer loop
    vertex 229194.76108035 -77883.0969432748 5006.00000000049
    vertex 229194.870088445 -77882.9338011313 5000.00000000049
    vertex 229194.870088445 -77882.9338011313 5006.00000000049
  endloop
endfacet
facet normal 0.143429072318894 -0.989660599000355 -2.41959481480427e-17
  outer loop
    vertex 229147.262914689 -77799.008106755 4996.00000000049
    vertex 229163.049269522 -77796.720229243 4995.00000000049
    vertex 229163.049269522 -77796.720229243 4996.00000000049
  endloop
endfacet
facet normal 0.143429072318894 -0.989660599000355 -2.41959481480427e-17
  outer loop
    vertex 229163.049269522 -77796.720229243 4995.00000000049
    vertex 229147.262914689 -77799.008106755 4996.00000000049
    vertex 229147.262914689 -77799.008106755 4995.00000000049
  endloop
endfacet
facet normal -1.0 5.4001247917767e-16 1.61558713389263e-30
  outer loop
    vertex 229156.71571128 -77634.696427716 5006.00000000049
    vertex 229156.728543988 -77634.5006384277 5000.00000000049
    vertex 229156.71571128 -77634.696427716 5000.00000000049
  endloop
endfacet
facet normal -0.991444861373802 0.130526192220114 8.07793566946316e-31
  outer loop
    vertex 229156.728543988 -77634.5006384277 5000.00000000049
    vertex 229156.71571128 -77634.696427716 5006.00000000049
    vertex 229156.728543988 -77634.5006384277 5006.00000000049
  endloop
endfacet
facet normal -0.25881904510257 0.965925826289055 0.0
  outer loop
    vertex 229193.182821772 -77880.7349123919 5000.00000000049
    vertex 229192.997025191 -77880.7979818325 5006.00000000049
    vertex 229193.182821772 -77880.7349123919 5006.00000000049
  endloop
endfacet
facet normal -0.382683432365091 0.923879532511286 -5.04870979341448e-32
  outer loop
    vertex 229192.997025191 -77880.7979818325 5006.00000000049
    vertex 229193.182821772 -77880.7349123919 5000.00000000049
    vertex 229192.997025191 -77880.7979818325 5000.00000000049
  endloop
endfacet
facet normal -0.608761429008723 0.793353340291233 3.05219348997722e-16
  outer loop
    vertex 229156.693807708 -77632.7130443653 4995.00000000049
    vertex 229156.96571128 -77632.5313642065 5000.00000000049
    vertex 229156.96571128 -77632.5313642065 4995.00000000049
  endloop
endfacet
facet normal -0.499999999999998 0.86602540378444 2.77306997366459e-16
  outer loop
    vertex 229156.96571128 -77632.5313642065 5000.00000000049
    vertex 229156.693807708 -77632.7130443653 4995.00000000049
    vertex 229156.693807708 -77632.7130443653 5000.00000000049
  endloop
endfacet
facet normal -0.991444861373805 -0.130526192220088 -8.44399006163918e-16
  outer loop
    vertex 229049.671081949 -77741.0887603745 4995.00000000049
    vertex 229049.649694102 -77740.762444894 5000.00000000049
    vertex 229049.649694102 -77740.762444894 4995.00000000049
  endloop
endfacet
facet normal -1.0 -8.54246162810159e-30 -9.89095797390855e-16
  outer loop
    vertex 229049.649694102 -77740.762444894 5000.00000000049
    vertex 229049.671081949 -77741.0887603745 4995.00000000049
    vertex 229049.671081949 -77741.0887603745 5000.00000000049
  endloop
endfacet
facet normal -0.707106781186586 0.707106781186509 1.21169035041947e-30
  outer loop
    vertex 229157.155051109 -77633.6357675442 5000.00000000049
    vertex 229157.302569137 -77633.5063977056 5006.00000000049
    vertex 229157.302569137 -77633.5063977056 5000.00000000049
  endloop
endfacet
facet normal -0.608761429008713 0.793353340291241 8.07793566946316e-31
  outer loop
    vertex 229157.302569137 -77633.5063977056 5006.00000000049
    vertex 229157.155051109 -77633.6357675442 5000.00000000049
    vertex 229157.155051109 -77633.6357675442 5006.00000000049
  endloop
endfacet
facet normal -0.608761429008713 0.793353340291241 4.03896783473158e-31
  outer loop
    vertex 229157.302569137 -77633.5063977056 5000.00000000049
    vertex 229157.46571128 -77633.3973896103 5006.00000000049
    vertex 229157.46571128 -77633.3973896103 5000.00000000049
  endloop
endfacet
facet normal -0.499999999999969 0.866025403784456 6.05845175209737e-31
  outer loop
    vertex 229157.46571128 -77633.3973896103 5006.00000000049
    vertex 229157.302569137 -77633.5063977056 5000.00000000049
    vertex 229157.302569137 -77633.5063977056 5006.00000000049
  endloop
endfacet
facet normal 0.608761429008722 -0.793353340291234 -5.04870979341448e-31
  outer loop
    vertex 229194.484192483 -77883.3738311417 5006.00000000049
    vertex 229194.631710511 -77883.2444613031 5000.00000000049
    vertex 229194.631710511 -77883.2444613031 5006.00000000049
  endloop
endfacet
facet normal 0.707106781186547 -0.707106781186548 -2.01948391736579e-31
  outer loop
    vertex 229194.631710511 -77883.2444613031 5000.00000000049
    vertex 229194.484192483 -77883.3738311417 5006.00000000049
    vertex 229194.484192483 -77883.3738311417 5000.00000000049
  endloop
endfacet
facet normal 0.923879532511276 0.382683432365116 -1.38080525425599e-15
  outer loop
    vertex 229160.525410112 -77633.7397191351 4995.00000000049
    vertex 229160.630525846 -77634.0493801032 5000.00000000049
    vertex 229160.630525846 -77634.0493801032 4995.00000000049
  endloop
endfacet
facet normal 0.965925826289064 0.258819045102535 -1.27631981085871e-15
  outer loop
    vertex 229160.630525846 -77634.0493801032 5000.00000000049
    vertex 229160.525410112 -77633.7397191351 4995.00000000049
    vertex 229160.525410112 -77633.7397191351 5000.00000000049
  endloop
endfacet
facet normal 0.751839807479009 0.659345815100033 6.95846888044163e-19
  outer loop
    vertex 229159.983478233 -77632.928660763 5000.00000000049
    vertex 229160.199094631 -77633.1745241435 4995.00000000049
    vertex 229159.983478233 -77632.928660763 4995.00000000049
  endloop
endfacet
facet normal 0.793353340291248 0.608761429008703 -7.47645795099313e-16
  outer loop
    vertex 229160.199094631 -77633.1745241435 4995.00000000049
    vertex 229159.983478233 -77632.928660763 5000.00000000049
    vertex 229160.199094631 -77633.1745241435 5000.00000000049
  endloop
endfacet
facet normal 1.14448542647786e-15 -1.14230368747163e-15 -1.0
  outer loop
    vertex 229193.57105034 -77884.6838011313 4995.00000000049
    vertex 229194.218097952 -77884.598615697 4995.00000000049
    vertex 229193.89736582 -77884.6624132847 4995.00000000049
  endloop
endfacet
facet normal 1.14448542647786e-15 -1.14230368747163e-15 -1.0
  outer loop
    vertex 229194.218097952 -77884.598615697 4995.00000000049
    vertex 229193.57105034 -77884.6838011313 4995.00000000049
    vertex 229194.527758921 -77884.4934999626 4995.00000000049
  endloop
endfacet
facet normal 1.14448542647786e-15 -1.14230368747163e-15 -1.0
  outer loop
    vertex 229194.527758921 -77884.4934999626 4995.00000000049
    vertex 229193.57105034 -77884.6838011313 4995.00000000049
    vertex 229193.244734859 -77884.6624132847 4995.00000000049
  endloop
endfacet
facet normal 1.14448542647786e-15 -1.14230368747163e-15 -1.0
  outer loop
    vertex 229194.527758921 -77884.4934999626 4995.00000000049
    vertex 229193.244734859 -77884.6624132847 4995.00000000049
    vertex 229194.82105034 -77884.3488646407 4995.00000000049
  endloop
endfacet
facet normal 1.14448542647786e-15 -1.14230368747163e-15 -1.0
  outer loop
    vertex 229194.82105034 -77884.3488646407 4995.00000000049
    vertex 229193.244734859 -77884.6624132847 4995.00000000049
    vertex 229192.924002727 -77884.598615697 4995.00000000049
  endloop
endfacet
facet normal 1.14448542647786e-15 -1.14230368747163e-15 -1.0
  outer loop
    vertex 229194.82105034 -77884.3488646407 4995.00000000049
    vertex 229192.924002727 -77884.598615697 4995.00000000049
    vertex 229195.092953912 -77884.167184482 4995.00000000049
  endloop
endfacet
facet normal 1.14448542647786e-15 -1.14230368747163e-15 -1.0
  outer loop
    vertex 229195.092953912 -77884.167184482 4995.00000000049
    vertex 229192.924002727 -77884.598615697 4995.00000000049
    vertex 229192.614341759 -77884.4934999626 4995.00000000049
  endloop
endfacet
facet normal 1.14448542647786e-15 -1.14230368747163e-15 -1.0
  outer loop
    vertex 229195.092953912 -77884.167184482 4995.00000000049
    vertex 229192.614341759 -77884.4934999626 4995.00000000049
    vertex 229195.338817293 -77883.9515680843 4995.00000000049
  endloop
endfacet
facet normal 1.14448542647786e-15 -1.14230368747163e-15 -1.0
  outer loop
    vertex 229195.338817293 -77883.9515680843 4995.00000000049
    vertex 229192.614341759 -77884.4934999626 4995.00000000049
    vertex 229192.32105034 -77884.3488646407 4995.00000000049
  endloop
endfacet
facet normal 1.14448542647786e-15 -1.14230368747163e-15 -1.0
  outer loop
    vertex 229195.338817293 -77883.9515680843 4995.00000000049
    vertex 229192.32105034 -77884.3488646407 4995.00000000049
    vertex 229195.55443369 -77883.7057047038 4995.00000000049
  endloop
endfacet
facet normal 1.14448542647786e-15 -1.14230368747163e-15 -1.0
  outer loop
    vertex 229195.55443369 -77883.7057047038 4995.00000000049
    vertex 229192.32105034 -77884.3488646407 4995.00000000049
    vertex 229192.049146767 -77884.167184482 4995.00000000049
  endloop
endfacet
facet normal 1.14448542647786e-15 -1.14230368747163e-15 -1.0
  outer loop
    vertex 229195.55443369 -77883.7057047038 4995.00000000049
    vertex 229192.049146767 -77884.167184482 4995.00000000049
    vertex 229195.736113849 -77883.4338011313 4995.00000000049
  endloop
endfacet
facet normal 1.14448542647786e-15 -1.14230368747163e-15 -1.0
  outer loop
    vertex 229195.736113849 -77883.4338011313 4995.00000000049
    vertex 229192.049146767 -77884.167184482 4995.00000000049
    vertex 229191.803283387 -77883.9515680843 4995.00000000049
  endloop
endfacet
facet normal 1.14448542647786e-15 -1.14230368747163e-15 -1.0
  outer loop
    vertex 229195.736113849 -77883.4338011313 4995.00000000049
    vertex 229191.803283387 -77883.9515680843 4995.00000000049
    vertex 229195.880749171 -77883.1405097122 4995.00000000049
  endloop
endfacet
facet normal 1.14448542647786e-15 -1.14230368747163e-15 -1.0
  outer loop
    vertex 229195.880749171 -77883.1405097122 4995.00000000049
    vertex 229191.803283387 -77883.9515680843 4995.00000000049
    vertex 229050.381927149 -77742.5302118469 4995.00000000049
  endloop
endfacet
facet normal 1.14448542647786e-15 -1.14230368747163e-15 -1.0
  outer loop
    vertex 229195.880749171 -77883.1405097122 4995.00000000049
    vertex 229050.381927149 -77742.5302118469 4995.00000000049
    vertex 229195.985864905 -77882.8308487441 4995.00000000049
  endloop
endfacet
facet normal 1.14448542647786e-15 -1.14230368747163e-15 -1.0
  outer loop
    vertex 229195.985864905 -77882.8308487441 4995.00000000049
    vertex 229050.381927149 -77742.5302118469 4995.00000000049
    vertex 229196.049662493 -77882.5101166118 4995.00000000049
  endloop
endfacet
facet normal 1.14448542647786e-15 -1.14230368747163e-15 -1.0
  outer loop
    vertex 229196.049662493 -77882.5101166118 4995.00000000049
    vertex 229050.381927149 -77742.5302118469 4995.00000000049
    vertex 229196.07105034 -77882.1838011313 4995.00000000049
  endloop
endfacet
facet normal 1.14448542647786e-15 -1.14230368747163e-15 -1.0
  outer loop
    vertex 229196.07105034 -77882.1838011313 4995.00000000049
    vertex 229050.381927149 -77742.5302118469 4995.00000000049
    vertex 229196.049662493 -77881.8574856507 4995.00000000049
  endloop
endfacet
facet normal 1.14448542647786e-15 -1.14230368747163e-15 -1.0
  outer loop
    vertex 229196.049662493 -77881.8574856507 4995.00000000049
    vertex 229050.381927149 -77742.5302118469 4995.00000000049
    vertex 229195.985864905 -77881.5367535185 4995.00000000049
  endloop
endfacet
facet normal 1.14448542647786e-15 -1.14230368747163e-15 -1.0
  outer loop
    vertex 229195.985864905 -77881.5367535185 4995.00000000049
    vertex 229050.381927149 -77742.5302118469 4995.00000000049
    vertex 229195.880749171 -77881.2270925504 4995.00000000049
  endloop
endfacet
facet normal 1.14448542647786e-15 -1.14230368747163e-15 -1.0
  outer loop
    vertex 229195.880749171 -77881.2270925504 4995.00000000049
    vertex 229050.381927149 -77742.5302118469 4995.00000000049
    vertex 229195.736113849 -77880.9338011313 4995.00000000049
  endloop
endfacet
facet normal 1.14448542647786e-15 -1.14230368747163e-15 -1.0
  outer loop
    vertex 229195.736113849 -77880.9338011313 4995.00000000049
    vertex 229050.381927149 -77742.5302118469 4995.00000000049
    vertex 229195.55443369 -77880.6618975588 4995.00000000049
  endloop
endfacet
facet normal 1.14448542647786e-15 -1.14230368747163e-15 -1.0
  outer loop
    vertex 229195.55443369 -77880.6618975588 4995.00000000049
    vertex 229050.381927149 -77742.5302118469 4995.00000000049
    vertex 229195.338817293 -77880.4160341783 4995.00000000049
  endloop
endfacet
facet normal 1.14448542647786e-15 -1.14230368747163e-15 -1.0
  outer loop
    vertex 229195.338817293 -77880.4160341783 4995.00000000049
    vertex 229050.381927149 -77742.5302118469 4995.00000000049
    vertex 229192.975397901 -77878.0526147866 4995.00000000049
  endloop
endfacet
facet normal 1.14448542647786e-15 -1.14230368747163e-15 -1.0
  outer loop
    vertex 229192.975397901 -77878.0526147866 4995.00000000049
    vertex 229050.381927149 -77742.5302118469 4995.00000000049
    vertex 229174.125613857 -77859.2028307427 4995.00000000049
  endloop
endfacet
facet normal 1.14448542647786e-15 -1.14230368747163e-15 -1.0
  outer loop
    vertex 229174.125613857 -77859.2028307427 4995.00000000049
    vertex 229050.381927149 -77742.5302118469 4995.00000000049
    vertex 229171.762194465 -77856.839411351 4995.00000000049
  endloop
endfacet
facet normal 1.14448542647786e-15 -1.14230368747163e-15 -1.0
  outer loop
    vertex 229171.762194465 -77856.839411351 4995.00000000049
    vertex 229050.381927149 -77742.5302118469 4995.00000000049
    vertex 229152.912410421 -77837.9896273071 4995.00000000049
  endloop
endfacet
facet normal 1.14448542647786e-15 -1.14230368747163e-15 -1.0
  outer loop
    vertex 229152.912410421 -77837.9896273071 4995.00000000049
    vertex 229050.381927149 -77742.5302118469 4995.00000000049
    vertex 229150.54899103 -77835.6262079155 4995.00000000049
  endloop
endfacet
facet normal 1.14448542647786e-15 -1.14230368747163e-15 -1.0
  outer loop
    vertex 229150.54899103 -77835.6262079155 4995.00000000049
    vertex 229050.381927149 -77742.5302118469 4995.00000000049
    vertex 229131.699206986 -77816.7764238715 4995.00000000049
  endloop
endfacet
facet normal 1.14448542647786e-15 -1.14230368747163e-15 -1.0
  outer loop
    vertex 229131.699206986 -77816.7764238715 4995.00000000049
    vertex 229050.381927149 -77742.5302118469 4995.00000000049
    vertex 229129.335787594 -77814.4130044799 4995.00000000049
  endloop
endfacet
facet normal 1.14448542647786e-15 -1.14230368747163e-15 -1.0
  outer loop
    vertex 229129.335787594 -77814.4130044799 4995.00000000049
    vertex 229050.381927149 -77742.5302118469 4995.00000000049
    vertex 229118.150133517 -77803.2273504031 4995.00000000049
  endloop
endfacet
facet normal 1.14448542647786e-15 -1.14230368747163e-15 -1.0
  outer loop
    vertex 229118.150133517 -77803.2273504031 4995.00000000049
    vertex 229050.381927149 -77742.5302118469 4995.00000000049
    vertex 229116.385048149 -77801.4622650346 4995.00000000049
  endloop
endfacet
facet normal 1.14448542647786e-15 -1.14230368747163e-15 -1.0
  outer loop
    vertex 229118.150133517 -77803.2273504031 4995.00000000049
    vertex 229116.385048149 -77801.4622650346 4995.00000000049
    vertex 229127.51791746 -77801.8697005563 4995.00000000049
  endloop
endfacet
facet normal 1.14448542647786e-15 -1.14230368747163e-15 -1.0
  outer loop
    vertex 229127.51791746 -77801.8697005563 4995.00000000049
    vertex 229116.385048149 -77801.4622650346 4995.00000000049
    vertex 229129.497238658 -77801.5828424116 4995.00000000049
  endloop
endfacet
facet normal 1.14448542647786e-15 -1.14230368747163e-15 -1.0
  outer loop
    vertex 229129.497238658 -77801.5828424116 4995.00000000049
    vertex 229116.385048149 -77801.4622650346 4995.00000000049
    vertex 229145.283593491 -77799.2949648996 4995.00000000049
  endloop
endfacet
facet normal 1.14448542647786e-15 -1.14230368747163e-15 -1.0
  outer loop
    vertex 229145.283593491 -77799.2949648996 4995.00000000049
    vertex 229116.385048149 -77801.4622650346 4995.00000000049
    vertex 229147.262914689 -77799.008106755 4995.00000000049
  endloop
endfacet
facet normal 1.14448542647786e-15 -1.14230368747163e-15 -1.0
  outer loop
    vertex 229147.262914689 -77799.008106755 4995.00000000049
    vertex 229116.385048149 -77801.4622650346 4995.00000000049
    vertex 229165.02859072 -77796.4333710983 4995.00000000049
  endloop
endfacet
facet normal 1.14448542647786e-15 -1.14230368747163e-15 -1.0
  outer loop
    vertex 229165.02859072 -77796.4333710983 4995.00000000049
    vertex 229116.385048149 -77801.4622650346 4995.00000000049
    vertex 229180.814945553 -77794.1454935863 4995.00000000049
  endloop
endfacet
facet normal 1.14448542647786e-15 -1.14230368747163e-15 -1.0
  outer loop
    vertex 229180.814945553 -77794.1454935863 4995.00000000049
    vertex 229116.385048149 -77801.4622650346 4995.00000000049
    vertex 229129.210380514 -77799.6035212136 4995.00000000049
  endloop
endfacet
facet normal 1.14448542647786e-15 -1.14230368747163e-15 -1.0
  outer loop
    vertex 229180.814945553 -77794.1454935863 4995.00000000049
    vertex 229129.210380514 -77799.6035212136 4995.00000000049
    vertex 229144.996735347 -77797.3156437016 4995.00000000049
  endloop
endfacet
facet normal 1.14448542647786e-15 -1.14230368747163e-15 -1.0
  outer loop
    vertex 229116.385048149 -77801.4622650346 4995.00000000049
    vertex 229050.381927149 -77742.5302118469 4995.00000000049
    vertex 229110.48600355 -77795.5632204359 4995.00000000049
  endloop
endfacet
facet normal 1.14448542647786e-15 -1.14230368747163e-15 -1.0
  outer loop
    vertex 229110.48600355 -77795.5632204359 4995.00000000049
    vertex 229050.381927149 -77742.5302118469 4995.00000000049
    vertex 229108.122584159 -77793.1998010443 4995.00000000049
  endloop
endfacet
facet normal 1.14448542647786e-15 -1.14230368747163e-15 -1.0
  outer loop
    vertex 229108.122584159 -77793.1998010443 4995.00000000049
    vertex 229050.381927149 -77742.5302118469 4995.00000000049
    vertex 229089.272800115 -77774.3500170003 4995.00000000049
  endloop
endfacet
facet normal 1.14448542647786e-15 -1.14230368747163e-15 -1.0
  outer loop
    vertex 229089.272800115 -77774.3500170003 4995.00000000049
    vertex 229050.381927149 -77742.5302118469 4995.00000000049
    vertex 229086.909380723 -77771.9865976087 4995.00000000049
  endloop
endfacet
facet normal 1.14448542647786e-15 -1.14230368747163e-15 -1.0
  outer loop
    vertex 229086.909380723 -77771.9865976087 4995.00000000049
    vertex 229050.381927149 -77742.5302118469 4995.00000000049
    vertex 229068.059596679 -77753.1368135647 4995.00000000049
  endloop
endfacet
facet normal 1.14448542647786e-15 -1.14230368747163e-15 -1.0
  outer loop
    vertex 229068.059596679 -77753.1368135647 4995.00000000049
    vertex 229050.381927149 -77742.5302118469 4995.00000000049
    vertex 229065.696177287 -77750.7733941731 4995.00000000049
  endloop
endfacet
facet normal 1.14448542647786e-15 -1.14230368747163e-15 -1.0
  outer loop
    vertex 229065.696177287 -77750.7733941731 4995.00000000049
    vertex 229050.381927149 -77742.5302118469 4995.00000000049
    vertex 229061.59222423 -77746.6694411156 4995.00000000049
  endloop
endfacet
facet normal 1.14448542647786e-15 -1.14230368747163e-15 -1.0
  outer loop
    vertex 229061.59222423 -77746.6694411156 4995.00000000049
    vertex 229050.381927149 -77742.5302118469 4995.00000000049
    vertex 229059.827138861 -77744.9043557471 4995.00000000049
  endloop
endfacet
facet normal 1.14448542647786e-15 -1.14230368747163e-15 -1.0
  outer loop
    vertex 229061.59222423 -77746.6694411156 4995.00000000049
    vertex 229059.827138861 -77744.9043557471 4995.00000000049
    vertex 229064.742352898 -77744.1920058868 4995.00000000049
  endloop
endfacet
facet normal 1.14448542647786e-15 -1.14230368747163e-15 -1.0
  outer loop
    vertex 229061.59222423 -77746.6694411156 4995.00000000049
    vertex 229064.742352898 -77744.1920058868 4995.00000000049
    vertex 229102.253026158 -77738.7556764288 4995.00000000049
  endloop
endfacet
facet normal 1.14448542647786e-15 -1.14230368747163e-15 -1.0
  outer loop
    vertex 229059.827138861 -77744.9043557471 4995.00000000049
    vertex 229050.381927149 -77742.5302118469 4995.00000000049
    vertex 229055.685228008 -77740.762444894 4995.00000000049
  endloop
endfacet
facet normal 1.14448542647786e-15 -1.14230368747163e-15 -1.0
  outer loop
    vertex 229055.685228008 -77740.762444894 4995.00000000049
    vertex 229050.381927149 -77742.5302118469 4995.00000000049
    vertex 229050.166310752 -77742.2843484665 4995.00000000049
  endloop
endfacet
facet normal 1.14448542647786e-15 -1.14230368747163e-15 -1.0
  outer loop
    vertex 229055.685228008 -77740.762444894 4995.00000000049
    vertex 229050.166310752 -77742.2843484665 4995.00000000049
    vertex 229049.984630593 -77742.012444894 4995.00000000049
  endloop
endfacet
facet normal 1.14448542647786e-15 -1.14230368747163e-15 -1.0
  outer loop
    vertex 229055.685228008 -77740.762444894 4995.00000000049
    vertex 229049.984630593 -77742.012444894 4995.00000000049
    vertex 229049.839995271 -77741.7191534749 4995.00000000049
  endloop
endfacet
facet normal 1.14448542647786e-15 -1.14230368747163e-15 -1.0
  outer loop
    vertex 229055.685228008 -77740.762444894 4995.00000000049
    vertex 229049.839995271 -77741.7191534749 4995.00000000049
    vertex 229049.734879537 -77741.4094925067 4995.00000000049
  endloop
endfacet
facet normal 1.14448542647786e-15 -1.14230368747163e-15 -1.0
  outer loop
    vertex 229055.685228008 -77740.762444894 4995.00000000049
    vertex 229049.734879537 -77741.4094925067 4995.00000000049
    vertex 229063.161759748 -77733.2859131539 4995.00000000049
  endloop
endfacet
facet normal 1.14448542647786e-15 -1.14230368747163e-15 -1.0
  outer loop
    vertex 229063.161759748 -77733.2859131539 4995.00000000049
    vertex 229049.734879537 -77741.4094925067 4995.00000000049
    vertex 229049.671081949 -77741.0887603745 4995.00000000049
  endloop
endfacet
facet normal 1.14448542647786e-15 -1.14230368747163e-15 -1.0
  outer loop
    vertex 229063.161759748 -77733.2859131539 4995.00000000049
    vertex 229049.671081949 -77741.0887603745 4995.00000000049
    vertex 229049.649694102 -77740.762444894 4995.00000000049
  endloop
endfacet
facet normal 1.14448542647786e-15 -1.14230368747163e-15 -1.0
  outer loop
    vertex 229063.161759748 -77733.2859131539 4995.00000000049
    vertex 229049.649694102 -77740.762444894 4995.00000000049
    vertex 229049.671081949 -77740.4361294134 4995.00000000049
  endloop
endfacet
facet normal 1.14448542647786e-15 -1.14230368747163e-15 -1.0
  outer loop
    vertex 229063.161759748 -77733.2859131539 4995.00000000049
    vertex 229049.671081949 -77740.4361294134 4995.00000000049
    vertex 229049.734879537 -77740.1153972812 4995.00000000049
  endloop
endfacet
facet normal 1.14448542647786e-15 -1.14230368747163e-15 -1.0
  outer loop
    vertex 229063.161759748 -77733.2859131539 4995.00000000049
    vertex 229049.734879537 -77740.1153972812 4995.00000000049
    vertex 229049.839995271 -77739.8057363131 4995.00000000049
  endloop
endfacet
facet normal 1.14448542647786e-15 -1.14230368747163e-15 -1.0
  outer loop
    vertex 229063.161759748 -77733.2859131539 4995.00000000049
    vertex 229049.839995271 -77739.8057363131 4995.00000000049
    vertex 229049.984630593 -77739.512444894 4995.00000000049
  endloop
endfacet
facet normal 1.14448542647786e-15 -1.14230368747163e-15 -1.0
  outer loop
    vertex 229063.161759748 -77733.2859131539 4995.00000000049
    vertex 229049.984630593 -77739.512444894 4995.00000000049
    vertex 229050.166310752 -77739.2405413215 4995.00000000049
  endloop
endfacet
facet normal 1.14448542647786e-15 -1.14230368747163e-15 -1.0
  outer loop
    vertex 229063.161759748 -77733.2859131539 4995.00000000049
    vertex 229050.166310752 -77739.2405413215 4995.00000000049
    vertex 229050.381927149 -77738.994677941 4995.00000000049
  endloop
endfacet
facet normal 1.14448542647786e-15 -1.14230368747163e-15 -1.0
  outer loop
    vertex 229063.161759748 -77733.2859131539 4995.00000000049
    vertex 229050.381927149 -77738.994677941 4995.00000000049
    vertex 229156.447944327 -77632.928660763 4995.00000000049
  endloop
endfacet
facet normal 1.14448542647786e-15 -1.14230368747163e-15 -1.0
  outer loop
    vertex 229063.161759748 -77733.2859131539 4995.00000000049
    vertex 229156.447944327 -77632.928660763 4995.00000000049
    vertex 229064.926845117 -77731.5208277854 4995.00000000049
  endloop
endfacet
facet normal 1.14448542647786e-15 -1.14230368747163e-15 -1.0
  outer loop
    vertex 229064.926845117 -77731.5208277854 4995.00000000049
    vertex 229156.447944327 -77632.928660763 4995.00000000049
    vertex 229079.004531934 -77717.4431409678 4995.00000000049
  endloop
endfacet
facet normal 1.14448542647786e-15 -1.14230368747163e-15 -1.0
  outer loop
    vertex 229079.004531934 -77717.4431409678 4995.00000000049
    vertex 229156.447944327 -77632.928660763 4995.00000000049
    vertex 229080.769617303 -77715.6780555994 4995.00000000049
  endloop
endfacet
facet normal 1.14448542647786e-15 -1.14230368747163e-15 -1.0
  outer loop
    vertex 229080.769617303 -77715.6780555994 4995.00000000049
    vertex 229156.447944327 -77632.928660763 4995.00000000049
    vertex 229094.847304121 -77701.6003687817 4995.00000000049
  endloop
endfacet
facet normal 1.14448542647786e-15 -1.14230368747163e-15 -1.0
  outer loop
    vertex 229094.847304121 -77701.6003687817 4995.00000000049
    vertex 229156.447944327 -77632.928660763 4995.00000000049
    vertex 229096.612389489 -77699.8352834133 4995.00000000049
  endloop
endfacet
facet normal 1.14448542647786e-15 -1.14230368747163e-15 -1.0
  outer loop
    vertex 229096.612389489 -77699.8352834133 4995.00000000049
    vertex 229156.447944327 -77632.928660763 4995.00000000049
    vertex 229110.690076307 -77685.7575965957 4995.00000000049
  endloop
endfacet
facet normal 1.14448542647786e-15 -1.14230368747163e-15 -1.0
  outer loop
    vertex 229110.690076307 -77685.7575965957 4995.00000000049
    vertex 229156.447944327 -77632.928660763 4995.00000000049
    vertex 229112.455161675 -77683.9925112272 4995.00000000049
  endloop
endfacet
facet normal 1.14448542647786e-15 -1.14230368747163e-15 -1.0
  outer loop
    vertex 229112.455161675 -77683.9925112272 4995.00000000049
    vertex 229156.447944327 -77632.928660763 4995.00000000049
    vertex 229126.532848493 -77669.9148244096 4995.00000000049
  endloop
endfacet
facet normal 1.14448542647786e-15 -1.14230368747163e-15 -1.0
  outer loop
    vertex 229126.532848493 -77669.9148244096 4995.00000000049
    vertex 229156.447944327 -77632.928660763 4995.00000000049
    vertex 229128.297933861 -77668.1497390411 4995.00000000049
  endloop
endfacet
facet normal 1.14448542647786e-15 -1.14230368747163e-15 -1.0
  outer loop
    vertex 229128.297933861 -77668.1497390411 4995.00000000049
    vertex 229156.447944327 -77632.928660763 4995.00000000049
    vertex 229142.375620679 -77654.0720522235 4995.00000000049
  endloop
endfacet
facet normal 1.14448542647786e-15 -1.14230368747163e-15 -1.0
  outer loop
    vertex 229142.375620679 -77654.0720522235 4995.00000000049
    vertex 229156.447944327 -77632.928660763 4995.00000000049
    vertex 229144.140706047 -77652.306966855 4995.00000000049
  endloop
endfacet
facet normal 1.14448542647786e-15 -1.14230368747163e-15 -1.0
  outer loop
    vertex 229144.140706047 -77652.306966855 4995.00000000049
    vertex 229156.447944327 -77632.928660763 4995.00000000049
    vertex 229158.218392865 -77638.2292800374 4995.00000000049
  endloop
endfacet
facet normal 1.14448542647786e-15 -1.14230368747163e-15 -1.0
  outer loop
    vertex 229158.218392865 -77638.2292800374 4995.00000000049
    vertex 229156.447944327 -77632.928660763 4995.00000000049
    vertex 229159.983478233 -77636.464194669 4995.00000000049
  endloop
endfacet
facet normal 1.14448542647786e-15 -1.14230368747163e-15 -1.0
  outer loop
    vertex 229159.983478233 -77636.464194669 4995.00000000049
    vertex 229156.447944327 -77632.928660763 4995.00000000049
    vertex 229160.199094631 -77636.2183312885 4995.00000000049
  endloop
endfacet
facet normal 1.14448542647786e-15 -1.14230368747163e-15 -1.0
  outer loop
    vertex 229160.199094631 -77636.2183312885 4995.00000000049
    vertex 229156.447944327 -77632.928660763 4995.00000000049
    vertex 229160.38077479 -77635.946427716 4995.00000000049
  endloop
endfacet
facet normal 1.14448542647786e-15 -1.14230368747163e-15 -1.0
  outer loop
    vertex 229160.38077479 -77635.946427716 4995.00000000049
    vertex 229156.447944327 -77632.928660763 4995.00000000049
    vertex 229160.525410112 -77635.6531362969 4995.00000000049
  endloop
endfacet
facet normal 1.14448542647786e-15 -1.14230368747163e-15 -1.0
  outer loop
    vertex 229160.525410112 -77635.6531362969 4995.00000000049
    vertex 229156.447944327 -77632.928660763 4995.00000000049
    vertex 229160.630525846 -77635.3434753287 4995.00000000049
  endloop
endfacet
facet normal 1.14448542647786e-15 -1.14230368747163e-15 -1.0
  outer loop
    vertex 229160.630525846 -77635.3434753287 4995.00000000049
    vertex 229156.447944327 -77632.928660763 4995.00000000049
    vertex 229160.694323434 -77635.0227431965 4995.00000000049
  endloop
endfacet
facet normal 1.14448542647786e-15 -1.14230368747163e-15 -1.0
  outer loop
    vertex 229160.694323434 -77635.0227431965 4995.00000000049
    vertex 229156.447944327 -77632.928660763 4995.00000000049
    vertex 229160.71571128 -77634.696427716 4995.00000000049
  endloop
endfacet
facet normal 1.14448542647786e-15 -1.14230368747163e-15 -1.0
  outer loop
    vertex 229160.71571128 -77634.696427716 4995.00000000049
    vertex 229156.447944327 -77632.928660763 4995.00000000049
    vertex 229160.694323434 -77634.3701122354 4995.00000000049
  endloop
endfacet
facet normal 1.14448542647786e-15 -1.14230368747163e-15 -1.0
  outer loop
    vertex 229160.694323434 -77634.3701122354 4995.00000000049
    vertex 229156.447944327 -77632.928660763 4995.00000000049
    vertex 229160.630525846 -77634.0493801032 4995.00000000049
  endloop
endfacet
facet normal 1.14448542647786e-15 -1.14230368747163e-15 -1.0
  outer loop
    vertex 229160.630525846 -77634.0493801032 4995.00000000049
    vertex 229156.447944327 -77632.928660763 4995.00000000049
    vertex 229160.525410112 -77633.7397191351 4995.00000000049
  endloop
endfacet
facet normal 1.14448542647786e-15 -1.14230368747163e-15 -1.0
  outer loop
    vertex 229160.525410112 -77633.7397191351 4995.00000000049
    vertex 229156.447944327 -77632.928660763 4995.00000000049
    vertex 229160.38077479 -77633.446427716 4995.00000000049
  endloop
endfacet
facet normal 1.14448542647786e-15 -1.14230368747163e-15 -1.0
  outer loop
    vertex 229160.38077479 -77633.446427716 4995.00000000049
    vertex 229156.447944327 -77632.928660763 4995.00000000049
    vertex 229160.199094631 -77633.1745241435 4995.00000000049
  endloop
endfacet
facet normal 1.14448542647786e-15 -1.14230368747163e-15 -1.0
  outer loop
    vertex 229160.199094631 -77633.1745241435 4995.00000000049
    vertex 229156.447944327 -77632.928660763 4995.00000000049
    vertex 229159.983478233 -77632.928660763 4995.00000000049
  endloop
endfacet
facet normal 1.14448542647786e-15 -1.14230368747163e-15 -1.0
  outer loop
    vertex 229159.983478233 -77632.928660763 4995.00000000049
    vertex 229156.447944327 -77632.928660763 4995.00000000049
    vertex 229159.737614853 -77632.7130443653 4995.00000000049
  endloop
endfacet
facet normal 1.14448542647786e-15 -1.14230368747163e-15 -1.0
  outer loop
    vertex 229159.737614853 -77632.7130443653 4995.00000000049
    vertex 229156.447944327 -77632.928660763 4995.00000000049
    vertex 229159.46571128 -77632.5313642065 4995.00000000049
  endloop
endfacet
facet normal 1.14448542647786e-15 -1.14230368747163e-15 -1.0
  outer loop
    vertex 229159.46571128 -77632.5313642065 4995.00000000049
    vertex 229156.447944327 -77632.928660763 4995.00000000049
    vertex 229159.172419861 -77632.3867288847 4995.00000000049
  endloop
endfacet
facet normal 1.14448542647786e-15 -1.14230368747163e-15 -1.0
  outer loop
    vertex 229159.172419861 -77632.3867288847 4995.00000000049
    vertex 229156.447944327 -77632.928660763 4995.00000000049
    vertex 229156.693807708 -77632.7130443653 4995.00000000049
  endloop
endfacet
facet normal 1.14448542647786e-15 -1.14230368747163e-15 -1.0
  outer loop
    vertex 229159.172419861 -77632.3867288847 4995.00000000049
    vertex 229156.693807708 -77632.7130443653 4995.00000000049
    vertex 229158.862758893 -77632.2816131503 4995.00000000049
  endloop
endfacet
facet normal 1.14448542647786e-15 -1.14230368747163e-15 -1.0
  outer loop
    vertex 229158.862758893 -77632.2816131503 4995.00000000049
    vertex 229156.693807708 -77632.7130443653 4995.00000000049
    vertex 229156.96571128 -77632.5313642065 4995.00000000049
  endloop
endfacet
facet normal 1.14448542647786e-15 -1.14230368747163e-15 -1.0
  outer loop
    vertex 229158.862758893 -77632.2816131503 4995.00000000049
    vertex 229156.96571128 -77632.5313642065 4995.00000000049
    vertex 229158.542026761 -77632.2178155626 4995.00000000049
  endloop
endfacet
facet normal 1.14448542647786e-15 -1.14230368747163e-15 -1.0
  outer loop
    vertex 229158.542026761 -77632.2178155626 4995.00000000049
    vertex 229156.96571128 -77632.5313642065 4995.00000000049
    vertex 229157.259002699 -77632.3867288847 4995.00000000049
  endloop
endfacet
facet normal 1.14448542647786e-15 -1.14230368747163e-15 -1.0
  outer loop
    vertex 229158.542026761 -77632.2178155626 4995.00000000049
    vertex 229157.259002699 -77632.3867288847 4995.00000000049
    vertex 229158.21571128 -77632.196427716 4995.00000000049
  endloop
endfacet
facet normal 1.14448542647786e-15 -1.14230368747163e-15 -1.0
  outer loop
    vertex 229158.21571128 -77632.196427716 4995.00000000049
    vertex 229157.259002699 -77632.3867288847 4995.00000000049
    vertex 229157.568663668 -77632.2816131503 4995.00000000049
  endloop
endfacet
facet normal 1.14448542647786e-15 -1.14230368747163e-15 -1.0
  outer loop
    vertex 229158.21571128 -77632.196427716 4995.00000000049
    vertex 229157.568663668 -77632.2816131503 4995.00000000049
    vertex 229157.8893958 -77632.2178155626 4995.00000000049
  endloop
endfacet
facet normal 1.14448542647786e-15 -1.14230368747163e-15 -1.0
  outer loop
    vertex 229192.975397901 -77878.0526147866 4995.00000000049
    vertex 229159.983478233 -77636.464194669 4995.00000000049
    vertex 229195.338817293 -77880.4160341783 4995.00000000049
  endloop
endfacet
facet normal 1.14448542647786e-15 -1.14230368747163e-15 -1.0
  outer loop
    vertex 229159.983478233 -77636.464194669 4995.00000000049
    vertex 229192.975397901 -77878.0526147866 4995.00000000049
    vertex 229180.814945553 -77794.1454935863 4995.00000000049
  endloop
endfacet
facet normal 1.14448542647786e-15 -1.14230368747163e-15 -1.0
  outer loop
    vertex 229159.983478233 -77636.464194669 4995.00000000049
    vertex 229180.814945553 -77794.1454935863 4995.00000000049
    vertex 229180.528087408 -77792.1661723883 4995.00000000049
  endloop
endfacet
facet normal 1.14448542647786e-15 -1.14230368747163e-15 -1.0
  outer loop
    vertex 229180.528087408 -77792.1661723883 4995.00000000049
    vertex 229180.814945553 -77794.1454935863 4995.00000000049
    vertex 229144.996735347 -77797.3156437016 4995.00000000049
  endloop
endfacet
facet normal 1.14448542647786e-15 -1.14230368747163e-15 -1.0
  outer loop
    vertex 229180.528087408 -77792.1661723883 4995.00000000049
    vertex 229144.996735347 -77797.3156437016 4995.00000000049
    vertex 229146.976056545 -77797.028785557 4995.00000000049
  endloop
endfacet
facet normal 1.14448542647786e-15 -1.14230368747163e-15 -1.0
  outer loop
    vertex 229180.528087408 -77792.1661723883 4995.00000000049
    vertex 229146.976056545 -77797.028785557 4995.00000000049
    vertex 229162.762411378 -77794.740908045 4995.00000000049
  endloop
endfacet
facet normal 1.14448542647786e-15 -1.14230368747163e-15 -1.0
  outer loop
    vertex 229180.528087408 -77792.1661723883 4995.00000000049
    vertex 229162.762411378 -77794.740908045 4995.00000000049
    vertex 229164.741732576 -77794.4540499003 4995.00000000049
  endloop
endfacet
facet normal 1.14448542647786e-15 -1.14230368747163e-15 -1.0
  outer loop
    vertex 229159.983478233 -77636.464194669 4995.00000000049
    vertex 229180.528087408 -77792.1661723883 4995.00000000049
    vertex 229171.623267228 -77730.7229131448 4995.00000000049
  endloop
endfacet
facet normal 1.14448542647786e-15 -1.14230368747163e-15 -1.0
  outer loop
    vertex 229159.983478233 -77636.464194669 4995.00000000049
    vertex 229171.623267228 -77730.7229131448 4995.00000000049
    vertex 229171.336409084 -77728.7435919468 4995.00000000049
  endloop
endfacet
facet normal 1.14448542647786e-15 -1.14230368747163e-15 -1.0
  outer loop
    vertex 229171.336409084 -77728.7435919468 4995.00000000049
    vertex 229171.623267228 -77730.7229131448 4995.00000000049
    vertex 229061.59222423 -77746.6694411156 4995.00000000049
  endloop
endfacet
facet normal 1.14448542647786e-15 -1.14230368747163e-15 -1.0
  outer loop
    vertex 229171.336409084 -77728.7435919468 4995.00000000049
    vertex 229061.59222423 -77746.6694411156 4995.00000000049
    vertex 229102.253026158 -77738.7556764288 4995.00000000049
  endloop
endfacet
facet normal 1.14448542647786e-15 -1.14230368747163e-15 -1.0
  outer loop
    vertex 229171.336409084 -77728.7435919468 4995.00000000049
    vertex 229102.253026158 -77738.7556764288 4995.00000000049
    vertex 229118.039380991 -77736.4677989168 4995.00000000049
  endloop
endfacet
facet normal 1.14448542647786e-15 -1.14230368747163e-15 -1.0
  outer loop
    vertex 229171.336409084 -77728.7435919468 4995.00000000049
    vertex 229118.039380991 -77736.4677989168 4995.00000000049
    vertex 229155.550054251 -77731.0314694588 4995.00000000049
  endloop
endfacet
facet normal 1.14448542647786e-15 -1.14230368747163e-15 -1.0
  outer loop
    vertex 229159.983478233 -77636.464194669 4995.00000000049
    vertex 229171.336409084 -77728.7435919468 4995.00000000049
    vertex 229158.218392865 -77638.2292800374 4995.00000000049
  endloop
endfacet
facet normal 1.14448542647786e-15 -1.14230368747163e-15 -1.0
  outer loop
    vertex 229155.550054251 -77731.0314694588 4995.00000000049
    vertex 229153.570733053 -77731.3183276035 4995.00000000049
    vertex 229144.140706047 -77652.306966855 4995.00000000049
  endloop
endfacet
facet normal 1.14448542647786e-15 -1.14230368747163e-15 -1.0
  outer loop
    vertex 229153.570733053 -77731.3183276035 4995.00000000049
    vertex 229155.550054251 -77731.0314694588 4995.00000000049
    vertex 229135.805057022 -77733.8930632601 4995.00000000049
  endloop
endfacet
facet normal 1.14448542647786e-15 -1.14230368747163e-15 -1.0
  outer loop
    vertex 229153.570733053 -77731.3183276035 4995.00000000049
    vertex 229135.805057022 -77733.8930632601 4995.00000000049
    vertex 229137.78437822 -77733.6062051155 4995.00000000049
  endloop
endfacet
facet normal 1.14448542647786e-15 -1.14230368747163e-15 -1.0
  outer loop
    vertex 229144.140706047 -77652.306966855 4995.00000000049
    vertex 229153.570733053 -77731.3183276035 4995.00000000049
    vertex 229142.375620679 -77654.0720522235 4995.00000000049
  endloop
endfacet
facet normal 1.14448542647786e-15 -1.14230368747163e-15 -1.0
  outer loop
    vertex 229126.532848493 -77669.9148244096 4995.00000000049
    vertex 229137.78437822 -77733.6062051155 4995.00000000049
    vertex 229135.805057022 -77733.8930632601 4995.00000000049
  endloop
endfacet
facet normal 1.14448542647786e-15 -1.14230368747163e-15 -1.0
  outer loop
    vertex 229137.78437822 -77733.6062051155 4995.00000000049
    vertex 229126.532848493 -77669.9148244096 4995.00000000049
    vertex 229128.297933861 -77668.1497390411 4995.00000000049
  endloop
endfacet
facet normal 1.14448542647786e-15 -1.14230368747163e-15 -1.0
  outer loop
    vertex 229118.039380991 -77736.4677989168 4995.00000000049
    vertex 229135.805057022 -77733.8930632601 4995.00000000049
    vertex 229155.550054251 -77731.0314694588 4995.00000000049
  endloop
endfacet
facet normal 1.14448542647786e-15 -1.14230368747163e-15 -1.0
  outer loop
    vertex 229135.805057022 -77733.8930632601 4995.00000000049
    vertex 229118.039380991 -77736.4677989168 4995.00000000049
    vertex 229120.018702189 -77736.1809407721 4995.00000000049
  endloop
endfacet
facet normal 1.14448542647786e-15 -1.14230368747163e-15 -1.0
  outer loop
    vertex 229120.018702189 -77736.1809407721 4995.00000000049
    vertex 229118.039380991 -77736.4677989168 4995.00000000049
    vertex 229110.690076307 -77685.7575965957 4995.00000000049
  endloop
endfacet
facet normal 1.14448542647786e-15 -1.14230368747163e-15 -1.0
  outer loop
    vertex 229120.018702189 -77736.1809407721 4995.00000000049
    vertex 229110.690076307 -77685.7575965957 4995.00000000049
    vertex 229112.455161675 -77683.9925112272 4995.00000000049
  endloop
endfacet
facet normal 1.14448542647786e-15 -1.14230368747163e-15 -1.0
  outer loop
    vertex 229102.253026158 -77738.7556764288 4995.00000000049
    vertex 229100.27370496 -77739.0425345734 4995.00000000049
    vertex 229096.612389489 -77699.8352834133 4995.00000000049
  endloop
endfacet
facet normal 1.14448542647786e-15 -1.14230368747163e-15 -1.0
  outer loop
    vertex 229100.27370496 -77739.0425345734 4995.00000000049
    vertex 229102.253026158 -77738.7556764288 4995.00000000049
    vertex 229082.508028929 -77741.6172702301 4995.00000000049
  endloop
endfacet
facet normal 1.14448542647786e-15 -1.14230368747163e-15 -1.0
  outer loop
    vertex 229082.508028929 -77741.6172702301 4995.00000000049
    vertex 229102.253026158 -77738.7556764288 4995.00000000049
    vertex 229064.742352898 -77744.1920058868 4995.00000000049
  endloop
endfacet
facet normal 1.14448542647786e-15 -1.14230368747163e-15 -1.0
  outer loop
    vertex 229096.612389489 -77699.8352834133 4995.00000000049
    vertex 229100.27370496 -77739.0425345734 4995.00000000049
    vertex 229094.847304121 -77701.6003687817 4995.00000000049
  endloop
endfacet
facet normal 1.14448542647786e-15 -1.14230368747163e-15 -1.0
  outer loop
    vertex 229082.508028929 -77741.6172702301 4995.00000000049
    vertex 229084.487350127 -77741.3304120855 4995.00000000049
    vertex 229100.27370496 -77739.0425345734 4995.00000000049
  endloop
endfacet
facet normal 1.14448542647786e-15 -1.14230368747163e-15 -1.0
  outer loop
    vertex 229084.487350127 -77741.3304120855 4995.00000000049
    vertex 229082.508028929 -77741.6172702301 4995.00000000049
    vertex 229079.004531934 -77717.4431409678 4995.00000000049
  endloop
endfacet
facet normal 1.14448542647786e-15 -1.14230368747163e-15 -1.0
  outer loop
    vertex 229084.487350127 -77741.3304120855 4995.00000000049
    vertex 229079.004531934 -77717.4431409678 4995.00000000049
    vertex 229080.769617303 -77715.6780555994 4995.00000000049
  endloop
endfacet
facet normal 1.14448542647786e-15 -1.14230368747163e-15 -1.0
  outer loop
    vertex 229064.742352898 -77744.1920058868 4995.00000000049
    vertex 229066.721674096 -77743.9051477421 4995.00000000049
    vertex 229082.508028929 -77741.6172702301 4995.00000000049
  endloop
endfacet
facet normal 1.14448542647786e-15 -1.14230368747163e-15 -1.0
  outer loop
    vertex 229066.721674096 -77743.9051477421 4995.00000000049
    vertex 229064.742352898 -77744.1920058868 4995.00000000049
    vertex 229063.161759748 -77733.2859131539 4995.00000000049
  endloop
endfacet
facet normal 1.14448542647786e-15 -1.14230368747163e-15 -1.0
  outer loop
    vertex 229066.721674096 -77743.9051477421 4995.00000000049
    vertex 229063.161759748 -77733.2859131539 4995.00000000049
    vertex 229064.926845117 -77731.5208277854 4995.00000000049
  endloop
endfacet
facet normal 1.14448542647786e-15 -1.14230368747163e-15 -1.0
  outer loop
    vertex 229171.762194465 -77856.839411351 4995.00000000049
    vertex 229165.02859072 -77796.4333710983 4995.00000000049
    vertex 229174.125613857 -77859.2028307427 4995.00000000049
  endloop
endfacet
facet normal 1.14448542647786e-15 -1.14230368747163e-15 -1.0
  outer loop
    vertex 229165.02859072 -77796.4333710983 4995.00000000049
    vertex 229171.762194465 -77856.839411351 4995.00000000049
    vertex 229163.049269522 -77796.720229243 4995.00000000049
  endloop
endfacet
facet normal 1.14448542647786e-15 -1.14230368747163e-15 -1.0
  outer loop
    vertex 229165.02859072 -77796.4333710983 4995.00000000049
    vertex 229163.049269522 -77796.720229243 4995.00000000049
    vertex 229147.262914689 -77799.008106755 4995.00000000049
  endloop
endfacet
facet normal 1.14448542647786e-15 -1.14230368747163e-15 -1.0
  outer loop
    vertex 229150.54899103 -77835.6262079155 4995.00000000049
    vertex 229147.262914689 -77799.008106755 4995.00000000049
    vertex 229152.912410421 -77837.9896273071 4995.00000000049
  endloop
endfacet
facet normal 1.14448542647786e-15 -1.14230368747163e-15 -1.0
  outer loop
    vertex 229147.262914689 -77799.008106755 4995.00000000049
    vertex 229150.54899103 -77835.6262079155 4995.00000000049
    vertex 229145.283593491 -77799.2949648996 4995.00000000049
  endloop
endfacet
facet normal 1.14448542647786e-15 -1.14230368747163e-15 -1.0
  outer loop
    vertex 229129.335787594 -77814.4130044799 4995.00000000049
    vertex 229129.497238658 -77801.5828424116 4995.00000000049
    vertex 229131.699206986 -77816.7764238715 4995.00000000049
  endloop
endfacet
facet normal 1.14448542647786e-15 -1.14230368747163e-15 -1.0
  outer loop
    vertex 229129.497238658 -77801.5828424116 4995.00000000049
    vertex 229129.335787594 -77814.4130044799 4995.00000000049
    vertex 229127.51791746 -77801.8697005563 4995.00000000049
  endloop
endfacet
facet normal 1.14448542647786e-15 -1.14230368747163e-15 -1.0
  outer loop
    vertex 229129.210380514 -77799.6035212136 4995.00000000049
    vertex 229127.231059316 -77799.8903793583 4995.00000000049
    vertex 229120.305560333 -77738.1602619701 4995.00000000049
  endloop
endfacet
facet normal 1.14448542647786e-15 -1.14230368747163e-15 -1.0
  outer loop
    vertex 229127.231059316 -77799.8903793583 4995.00000000049
    vertex 229129.210380514 -77799.6035212136 4995.00000000049
    vertex 229116.385048149 -77801.4622650346 4995.00000000049
  endloop
endfacet
facet normal 1.14448542647786e-15 -1.14230368747163e-15 -1.0
  outer loop
    vertex 229120.305560333 -77738.1602619701 4995.00000000049
    vertex 229127.231059316 -77799.8903793583 4995.00000000049
    vertex 229118.326239135 -77738.4471201148 4995.00000000049
  endloop
endfacet
facet normal 1.14448542647786e-15 -1.14230368747163e-15 -1.0
  outer loop
    vertex 229120.305560333 -77738.1602619701 4995.00000000049
    vertex 229118.326239135 -77738.4471201148 4995.00000000049
    vertex 229136.091915166 -77735.8723844581 4995.00000000049
  endloop
endfacet
facet normal 1.14448542647786e-15 -1.14230368747163e-15 -1.0
  outer loop
    vertex 229065.696177287 -77750.7733941731 4995.00000000049
    vertex 229067.008532241 -77745.8844689401 4995.00000000049
    vertex 229068.059596679 -77753.1368135647 4995.00000000049
  endloop
endfacet
facet normal 1.14448542647786e-15 -1.14230368747163e-15 -1.0
  outer loop
    vertex 229067.008532241 -77745.8844689401 4995.00000000049
    vertex 229065.696177287 -77750.7733941731 4995.00000000049
    vertex 229065.029211043 -77746.1713270848 4995.00000000049
  endloop
endfacet
facet normal 1.14448542647786e-15 -1.14230368747163e-15 -1.0
  outer loop
    vertex 229067.008532241 -77745.8844689401 4995.00000000049
    vertex 229065.029211043 -77746.1713270848 4995.00000000049
    vertex 229061.59222423 -77746.6694411156 4995.00000000049
  endloop
endfacet
facet normal 1.14448542647786e-15 -1.14230368747163e-15 -1.0
  outer loop
    vertex 229067.008532241 -77745.8844689401 4995.00000000049
    vertex 229061.59222423 -77746.6694411156 4995.00000000049
    vertex 229084.774208272 -77743.3097332835 4995.00000000049
  endloop
endfacet
facet normal 1.14448542647786e-15 -1.14230368747163e-15 -1.0
  outer loop
    vertex 229084.774208272 -77743.3097332835 4995.00000000049
    vertex 229061.59222423 -77746.6694411156 4995.00000000049
    vertex 229102.539884303 -77740.7349976268 4995.00000000049
  endloop
endfacet
facet normal 1.14448542647786e-15 -1.14230368747163e-15 -1.0
  outer loop
    vertex 229102.539884303 -77740.7349976268 4995.00000000049
    vertex 229061.59222423 -77746.6694411156 4995.00000000049
    vertex 229118.326239135 -77738.4471201148 4995.00000000049
  endloop
endfacet
facet normal 1.14448542647786e-15 -1.14230368747163e-15 -1.0
  outer loop
    vertex 229118.326239135 -77738.4471201148 4995.00000000049
    vertex 229061.59222423 -77746.6694411156 4995.00000000049
    vertex 229138.071236364 -77735.5855263135 4995.00000000049
  endloop
endfacet
facet normal 1.14448542647786e-15 -1.14230368747163e-15 -1.0
  outer loop
    vertex 229138.071236364 -77735.5855263135 4995.00000000049
    vertex 229061.59222423 -77746.6694411156 4995.00000000049
    vertex 229155.836912395 -77733.0107906568 4995.00000000049
  endloop
endfacet
facet normal 1.14448542647786e-15 -1.14230368747163e-15 -1.0
  outer loop
    vertex 229155.836912395 -77733.0107906568 4995.00000000049
    vertex 229061.59222423 -77746.6694411156 4995.00000000049
    vertex 229171.623267228 -77730.7229131448 4995.00000000049
  endloop
endfacet
facet normal 1.14448542647786e-15 -1.14230368747163e-15 -1.0
  outer loop
    vertex 229153.857591197 -77733.2976488015 4995.00000000049
    vertex 229164.741732576 -77794.4540499003 4995.00000000049
    vertex 229162.762411378 -77794.740908045 4995.00000000049
  endloop
endfacet
facet normal 1.14448542647786e-15 -1.14230368747163e-15 -1.0
  outer loop
    vertex 229164.741732576 -77794.4540499003 4995.00000000049
    vertex 229153.857591197 -77733.2976488015 4995.00000000049
    vertex 229155.836912395 -77733.0107906568 4995.00000000049
  endloop
endfacet
facet normal 1.14448542647786e-15 -1.14230368747163e-15 -1.0
  outer loop
    vertex 229155.836912395 -77733.0107906568 4995.00000000049
    vertex 229153.857591197 -77733.2976488015 4995.00000000049
    vertex 229138.071236364 -77735.5855263135 4995.00000000049
  endloop
endfacet
facet normal 1.14448542647786e-15 -1.14230368747163e-15 -1.0
  outer loop
    vertex 229136.091915166 -77735.8723844581 4995.00000000049
    vertex 229146.976056545 -77797.028785557 4995.00000000049
    vertex 229144.996735347 -77797.3156437016 4995.00000000049
  endloop
endfacet
facet normal 1.14448542647786e-15 -1.14230368747163e-15 -1.0
  outer loop
    vertex 229146.976056545 -77797.028785557 4995.00000000049
    vertex 229136.091915166 -77735.8723844581 4995.00000000049
    vertex 229138.071236364 -77735.5855263135 4995.00000000049
  endloop
endfacet
facet normal 1.14448542647786e-15 -1.14230368747163e-15 -1.0
  outer loop
    vertex 229138.071236364 -77735.5855263135 4995.00000000049
    vertex 229136.091915166 -77735.8723844581 4995.00000000049
    vertex 229118.326239135 -77738.4471201148 4995.00000000049
  endloop
endfacet
facet normal 1.14448542647786e-15 -1.14230368747163e-15 -1.0
  outer loop
    vertex 229108.122584159 -77793.1998010443 4995.00000000049
    vertex 229102.539884303 -77740.7349976268 4995.00000000049
    vertex 229110.48600355 -77795.5632204359 4995.00000000049
  endloop
endfacet
facet normal 1.14448542647786e-15 -1.14230368747163e-15 -1.0
  outer loop
    vertex 229102.539884303 -77740.7349976268 4995.00000000049
    vertex 229108.122584159 -77793.1998010443 4995.00000000049
    vertex 229100.560563105 -77741.0218557714 4995.00000000049
  endloop
endfacet
facet normal 1.14448542647786e-15 -1.14230368747163e-15 -1.0
  outer loop
    vertex 229102.539884303 -77740.7349976268 4995.00000000049
    vertex 229100.560563105 -77741.0218557714 4995.00000000049
    vertex 229084.774208272 -77743.3097332835 4995.00000000049
  endloop
endfacet
facet normal 1.14448542647786e-15 -1.14230368747163e-15 -1.0
  outer loop
    vertex 229086.909380723 -77771.9865976087 4995.00000000049
    vertex 229084.774208272 -77743.3097332835 4995.00000000049
    vertex 229089.272800115 -77774.3500170003 4995.00000000049
  endloop
endfacet
facet normal 1.14448542647786e-15 -1.14230368747163e-15 -1.0
  outer loop
    vertex 229084.774208272 -77743.3097332835 4995.00000000049
    vertex 229086.909380723 -77771.9865976087 4995.00000000049
    vertex 229082.794887074 -77743.5965914281 4995.00000000049
  endloop
endfacet
facet normal 1.14448542647786e-15 -1.14230368747163e-15 -1.0
  outer loop
    vertex 229084.774208272 -77743.3097332835 4995.00000000049
    vertex 229082.794887074 -77743.5965914281 4995.00000000049
    vertex 229067.008532241 -77745.8844689401 4995.00000000049
  endloop
endfacet
facet normal 0.866025403784439 0.499999999999999 -1.46166473692138e-15
  outer loop
    vertex 229160.38077479 -77633.446427716 5000.00000000049
    vertex 229160.525410112 -77633.7397191351 4995.00000000049
    vertex 229160.38077479 -77633.446427716 4995.00000000049
  endloop
endfacet
facet normal 0.923879532511276 0.382683432365116 -1.38080525425599e-15
  outer loop
    vertex 229160.525410112 -77633.7397191351 4995.00000000049
    vertex 229160.38077479 -77633.446427716 5000.00000000049
    vertex 229160.525410112 -77633.7397191351 5000.00000000049
  endloop
endfacet
facet normal -0.499999999999969 0.866025403784456 3.53409685539013e-31
  outer loop
    vertex 229157.46571128 -77633.3973896103 5000.00000000049
    vertex 229157.641686132 -77633.3106084172 5006.00000000049
    vertex 229157.641686132 -77633.3106084172 5000.00000000049
  endloop
endfacet
facet normal -0.382683432365098 0.923879532511283 6.56332273143882e-31
  outer loop
    vertex 229157.641686132 -77633.3106084172 5006.00000000049
    vertex 229157.46571128 -77633.3973896103 5000.00000000049
    vertex 229157.46571128 -77633.3973896103 5006.00000000049
  endloop
endfacet
facet normal -0.991444861373802 -0.130526192220114 1.61558713389263e-30
  outer loop
    vertex 229156.728543988 -77634.8922170043 5000.00000000049
    vertex 229156.71571128 -77634.696427716 5006.00000000049
    vertex 229156.71571128 -77634.696427716 5000.00000000049
  endloop
endfacet
facet normal -1.0 5.4001247917767e-16 1.61558713389263e-30
  outer loop
    vertex 229156.71571128 -77634.696427716 5006.00000000049
    vertex 229156.728543988 -77634.8922170043 5000.00000000049
    vertex 229156.728543988 -77634.8922170043 5006.00000000049
  endloop
endfacet
facet normal 0.382683432365091 -0.923879532511286 -5.04870979341448e-32
  outer loop
    vertex 229194.145075488 -77883.56962043 5006.00000000049
    vertex 229194.32105034 -77883.482839237 5000.00000000049
    vertex 229194.32105034 -77883.482839237 5006.00000000049
  endloop
endfacet
facet normal 0.499999999999996 -0.866025403784441 -3.53409685539013e-31
  outer loop
    vertex 229194.32105034 -77883.482839237 5000.00000000049
    vertex 229194.145075488 -77883.56962043 5006.00000000049
    vertex 229194.145075488 -77883.56962043 5000.00000000049
  endloop
endfacet
facet normal 0.608761429008732 0.793353340291227 8.57202339980389e-16
  outer loop
    vertex 229159.737614853 -77632.7130443653 4995.00000000049
    vertex 229159.46571128 -77632.5313642065 5000.00000000049
    vertex 229159.737614853 -77632.7130443653 5000.00000000049
  endloop
endfacet
facet normal 0.500000000000008 0.866025403784434 1.46166473692143e-15
  outer loop
    vertex 229159.46571128 -77632.5313642065 5000.00000000049
    vertex 229159.737614853 -77632.7130443653 4995.00000000049
    vertex 229159.46571128 -77632.5313642065 4995.00000000049
  endloop
endfacet
facet normal 0.382683432365089 0.923879532511287 1.38080525425602e-15
  outer loop
    vertex 229159.172419861 -77632.3867288847 4995.00000000049
    vertex 229159.46571128 -77632.5313642065 5000.00000000049
    vertex 229159.46571128 -77632.5313642065 4995.00000000049
  endloop
endfacet
facet normal 0.500000000000008 0.866025403784434 1.46166473692143e-15
  outer loop
    vertex 229159.46571128 -77632.5313642065 5000.00000000049
    vertex 229159.172419861 -77632.3867288847 4995.00000000049
    vertex 229159.172419861 -77632.3867288847 5000.00000000049
  endloop
endfacet
facet normal 0.965925826289064 0.258819045102535 -1.27631981085871e-15
  outer loop
    vertex 229160.630525846 -77634.0493801032 4995.00000000049
    vertex 229160.694323434 -77634.3701122354 5000.00000000049
    vertex 229160.694323434 -77634.3701122354 4995.00000000049
  endloop
endfacet
facet normal 0.991444861373815 0.13052619222002 -1.1499961816349e-15
  outer loop
    vertex 229160.694323434 -77634.3701122354 5000.00000000049
    vertex 229160.630525846 -77634.0493801032 4995.00000000049
    vertex 229160.630525846 -77634.0493801032 5000.00000000049
  endloop
endfacet
facet normal -0.989660599000354 -0.143429072318904 -3.70303206572754e-16
  outer loop
    vertex 229192.975397901 -77878.0526147866 4995.00000000049
    vertex 229180.814945553 -77794.1454935863 4996.00000000049
    vertex 229180.814945553 -77794.1454935863 4995.00000000049
  endloop
endfacet
facet normal -0.989660599000354 -0.143429072318904 -3.70303206572754e-16
  outer loop
    vertex 229180.814945553 -77794.1454935863 4996.00000000049
    vertex 229192.975397901 -77878.0526147866 4995.00000000049
    vertex 229192.975397901 -77878.0526147866 4996.00000000049
  endloop
endfacet
facet normal 0.143429072318894 -0.989660599000355 1.89359594226953e-17
  outer loop
    vertex 229155.836912395 -77733.0107906568 4996.00000000049
    vertex 229171.623267228 -77730.7229131448 4995.00000000049
    vertex 229171.623267228 -77730.7229131448 4996.00000000049
  endloop
endfacet
facet normal 0.143429072318894 -0.989660599000355 1.89359594226953e-17
  outer loop
    vertex 229171.623267228 -77730.7229131448 4995.00000000049
    vertex 229155.836912395 -77733.0107906568 4996.00000000049
    vertex 229155.836912395 -77733.0107906568 4995.00000000049
  endloop
endfacet
facet normal 0.989660599000355 0.143429072318895 -6.05950701219975e-16
  outer loop
    vertex 229159.983478233 -77636.464194669 4996.00000000049
    vertex 229195.338817293 -77880.4160341783 4995.00000000049
    vertex 229159.983478233 -77636.464194669 4995.00000000049
  endloop
endfacet
facet normal 0.989660599000355 0.143429072318895 -6.05950701219975e-16
  outer loop
    vertex 229195.338817293 -77880.4160341783 4995.00000000049
    vertex 229159.983478233 -77636.464194669 4996.00000000049
    vertex 229195.338817293 -77880.4160341783 4996.00000000049
  endloop
endfacet
facet normal -0.143429072318894 0.989660599000355 -4.52359030634535e-17
  outer loop
    vertex 229155.550054251 -77731.0314694588 4995.00000000049
    vertex 229171.336409084 -77728.7435919468 4996.00000000049
    vertex 229171.336409084 -77728.7435919468 4995.00000000049
  endloop
endfacet
facet normal -0.143429072318894 0.989660599000355 -4.52359030634535e-17
  outer loop
    vertex 229171.336409084 -77728.7435919468 4996.00000000049
    vertex 229155.550054251 -77731.0314694588 4995.00000000049
    vertex 229155.550054251 -77731.0314694588 4996.00000000049
  endloop
endfacet
facet normal 0.707106781186547 -0.707106781186548 2.64930585154755e-15
  outer loop
    vertex 229112.455161675 -77683.9925112272 4995.00000000049
    vertex 229126.532848493 -77669.9148244096 4995.00000000049
    vertex 229126.532848493 -77669.9148244096 4996.00000000049
  endloop
endfacet
facet normal 0.707106781186547 -0.707106781186548 2.64930585154755e-15
  outer loop
    vertex 229055.685228008 -77740.762444894 5000.00000000049
    vertex 229159.983478233 -77636.464194669 4996.00000000049
    vertex 229159.983478233 -77636.464194669 5000.00000000049
  endloop
endfacet
facet normal 0.707106781186547 -0.707106781186548 2.64930585154755e-15
  outer loop
    vertex 229159.983478233 -77636.464194669 4996.00000000049
    vertex 229055.685228008 -77740.762444894 5000.00000000049
    vertex 229158.218392865 -77638.2292800374 4996.00000000049
  endloop
endfacet
facet normal 0.707106781186547 -0.707106781186548 2.64930585154755e-15
  outer loop
    vertex 229158.218392865 -77638.2292800374 4996.00000000049
    vertex 229055.685228008 -77740.762444894 5000.00000000049
    vertex 229144.140706047 -77652.306966855 4996.00000000049
  endloop
endfacet
facet normal 0.707106781186547 -0.707106781186548 2.64930585154755e-15
  outer loop
    vertex 229144.140706047 -77652.306966855 4996.00000000049
    vertex 229055.685228008 -77740.762444894 5000.00000000049
    vertex 229142.375620679 -77654.0720522235 4996.00000000049
  endloop
endfacet
facet normal 0.707106781186547 -0.707106781186548 2.64930585154755e-15
  outer loop
    vertex 229142.375620679 -77654.0720522235 4996.00000000049
    vertex 229055.685228008 -77740.762444894 5000.00000000049
    vertex 229128.297933861 -77668.1497390411 4996.00000000049
  endloop
endfacet
facet normal 0.707106781186547 -0.707106781186548 2.64930585154755e-15
  outer loop
    vertex 229142.375620679 -77654.0720522235 4996.00000000049
    vertex 229128.297933861 -77668.1497390411 4996.00000000049
    vertex 229142.375620679 -77654.0720522235 4995.00000000049
  endloop
endfacet
facet normal 0.707106781186547 -0.707106781186548 2.64930585154755e-15
  outer loop
    vertex 229142.375620679 -77654.0720522235 4995.00000000049
    vertex 229128.297933861 -77668.1497390411 4996.00000000049
    vertex 229128.297933861 -77668.1497390411 4995.00000000049
  endloop
endfacet
facet normal 0.707106781186547 -0.707106781186548 2.64930585154755e-15
  outer loop
    vertex 229128.297933861 -77668.1497390411 4996.00000000049
    vertex 229055.685228008 -77740.762444894 5000.00000000049
    vertex 229126.532848493 -77669.9148244096 4996.00000000049
  endloop
endfacet
facet normal 0.707106781186547 -0.707106781186548 2.64930585154755e-15
  outer loop
    vertex 229126.532848493 -77669.9148244096 4996.00000000049
    vertex 229055.685228008 -77740.762444894 5000.00000000049
    vertex 229112.455161675 -77683.9925112272 4996.00000000049
  endloop
endfacet
facet normal 0.707106781186547 -0.707106781186548 2.64930585154755e-15
  outer loop
    vertex 229126.532848493 -77669.9148244096 4996.00000000049
    vertex 229112.455161675 -77683.9925112272 4996.00000000049
    vertex 229112.455161675 -77683.9925112272 4995.00000000049
  endloop
endfacet
facet normal 0.707106781186547 -0.707106781186548 2.64930585154755e-15
  outer loop
    vertex 229112.455161675 -77683.9925112272 4996.00000000049
    vertex 229055.685228008 -77740.762444894 5000.00000000049
    vertex 229110.690076307 -77685.7575965957 4996.00000000049
  endloop
endfacet
facet normal 0.707106781186547 -0.707106781186548 2.64930585154755e-15
  outer loop
    vertex 229110.690076307 -77685.7575965957 4996.00000000049
    vertex 229055.685228008 -77740.762444894 5000.00000000049
    vertex 229110.690076307 -77685.7575965957 4995.00000000049
  endloop
endfacet
facet normal 0.707106781186547 -0.707106781186548 2.64930585154755e-15
  outer loop
    vertex 229110.690076307 -77685.7575965957 4995.00000000049
    vertex 229055.685228008 -77740.762444894 5000.00000000049
    vertex 229096.612389489 -77699.8352834133 4996.00000000049
  endloop
endfacet
facet normal 0.707106781186547 -0.707106781186548 2.64930585154755e-15
  outer loop
    vertex 229110.690076307 -77685.7575965957 4995.00000000049
    vertex 229096.612389489 -77699.8352834133 4996.00000000049
    vertex 229096.612389489 -77699.8352834133 4995.00000000049
  endloop
endfacet
facet normal 0.707106781186547 -0.707106781186548 2.64930585154755e-15
  outer loop
    vertex 229096.612389489 -77699.8352834133 4996.00000000049
    vertex 229055.685228008 -77740.762444894 5000.00000000049
    vertex 229094.847304121 -77701.6003687817 4996.00000000049
  endloop
endfacet
facet normal 0.707106781186547 -0.707106781186548 2.64930585154755e-15
  outer loop
    vertex 229094.847304121 -77701.6003687817 4996.00000000049
    vertex 229055.685228008 -77740.762444894 5000.00000000049
    vertex 229094.847304121 -77701.6003687817 4995.00000000049
  endloop
endfacet
facet normal 0.707106781186547 -0.707106781186548 2.64930585154755e-15
  outer loop
    vertex 229094.847304121 -77701.6003687817 4995.00000000049
    vertex 229055.685228008 -77740.762444894 5000.00000000049
    vertex 229080.769617303 -77715.6780555994 4996.00000000049
  endloop
endfacet
facet normal 0.707106781186547 -0.707106781186548 2.64930585154755e-15
  outer loop
    vertex 229080.769617303 -77715.6780555994 4996.00000000049
    vertex 229055.685228008 -77740.762444894 5000.00000000049
    vertex 229079.004531934 -77717.4431409678 4996.00000000049
  endloop
endfacet
facet normal 0.707106781186547 -0.707106781186548 2.64930585154755e-15
  outer loop
    vertex 229079.004531934 -77717.4431409678 4996.00000000049
    vertex 229055.685228008 -77740.762444894 5000.00000000049
    vertex 229079.004531934 -77717.4431409678 4995.00000000049
  endloop
endfacet
facet normal 0.707106781186547 -0.707106781186548 2.64930585154755e-15
  outer loop
    vertex 229079.004531934 -77717.4431409678 4995.00000000049
    vertex 229055.685228008 -77740.762444894 5000.00000000049
    vertex 229064.926845117 -77731.5208277854 4996.00000000049
  endloop
endfacet
facet normal 0.707106781186547 -0.707106781186548 2.64930585154755e-15
  outer loop
    vertex 229064.926845117 -77731.5208277854 4996.00000000049
    vertex 229055.685228008 -77740.762444894 5000.00000000049
    vertex 229063.161759748 -77733.2859131539 4996.00000000049
  endloop
endfacet
facet normal 0.707106781186547 -0.707106781186548 2.64930585154755e-15
  outer loop
    vertex 229063.161759748 -77733.2859131539 4996.00000000049
    vertex 229055.685228008 -77740.762444894 5000.00000000049
    vertex 229063.161759748 -77733.2859131539 4995.00000000049
  endloop
endfacet
facet normal 0.707106781186547 -0.707106781186548 2.64930585154755e-15
  outer loop
    vertex 229063.161759748 -77733.2859131539 4995.00000000049
    vertex 229055.685228008 -77740.762444894 5000.00000000049
    vertex 229055.685228008 -77740.762444894 4995.00000000049
  endloop
endfacet
facet normal 0.707106781186547 -0.707106781186548 2.64930585154755e-15
  outer loop
    vertex 229064.926845117 -77731.5208277854 4995.00000000049
    vertex 229079.004531934 -77717.4431409678 4995.00000000049
    vertex 229064.926845117 -77731.5208277854 4996.00000000049
  endloop
endfacet
facet normal 0.707106781186547 -0.707106781186548 2.64930585154755e-15
  outer loop
    vertex 229080.769617303 -77715.6780555994 4995.00000000049
    vertex 229094.847304121 -77701.6003687817 4995.00000000049
    vertex 229080.769617303 -77715.6780555994 4996.00000000049
  endloop
endfacet
facet normal 0.707106781186547 -0.707106781186548 2.64930585154755e-15
  outer loop
    vertex 229158.218392865 -77638.2292800374 4996.00000000049
    vertex 229144.140706047 -77652.306966855 4995.00000000049
    vertex 229158.218392865 -77638.2292800374 4995.00000000049
  endloop
endfacet
facet normal 0.707106781186547 -0.707106781186548 2.64930585154755e-15
  outer loop
    vertex 229144.140706047 -77652.306966855 4995.00000000049
    vertex 229158.218392865 -77638.2292800374 4996.00000000049
    vertex 229144.140706047 -77652.306966855 4996.00000000049
  endloop
endfacet
facet normal 0.143429072318894 -0.989660599000355 2.20919526601237e-17
  outer loop
    vertex 229138.071236364 -77735.5855263135 4996.00000000049
    vertex 229153.857591197 -77733.2976488015 4995.00000000049
    vertex 229153.857591197 -77733.2976488015 4996.00000000049
  endloop
endfacet
facet normal 0.143429072318894 -0.989660599000355 2.20919526601237e-17
  outer loop
    vertex 229153.857591197 -77733.2976488015 4995.00000000049
    vertex 229138.071236364 -77735.5855263135 4996.00000000049
    vertex 229138.071236364 -77735.5855263135 4995.00000000049
  endloop
endfacet
facet normal 0.989660599000355 0.143429072318895 -2.35647495007624e-16
  outer loop
    vertex 229138.071236364 -77735.5855263135 4995.00000000049
    vertex 229146.976056545 -77797.028785557 4996.00000000049
    vertex 229146.976056545 -77797.028785557 4995.00000000049
  endloop
endfacet
facet normal 0.989660599000355 0.143429072318895 -2.35647495007624e-16
  outer loop
    vertex 229146.976056545 -77797.028785557 4996.00000000049
    vertex 229138.071236364 -77735.5855263135 4995.00000000049
    vertex 229138.071236364 -77735.5855263135 4996.00000000049
  endloop
endfacet
facet normal -0.143429072318896 0.989660599000355 2.3504785630638e-14
  outer loop
    vertex 229116.385048149 -77801.4622650346 4995.00000000049
    vertex 229127.231059316 -77799.8903793583 4996.00000000049
    vertex 229127.231059316 -77799.8903793583 4995.00000000049
  endloop
endfacet
facet normal -0.143429072318896 0.989660599000355 2.3504785630638e-14
  outer loop
    vertex 229127.231059316 -77799.8903793583 4996.00000000049
    vertex 229116.385048149 -77801.4622650346 4995.00000000049
    vertex 229116.385048149 -77801.4622650346 4996.00000000049
  endloop
endfacet
facet normal 0.989660599000355 0.143429072318896 -1.59903657331377e-16
  outer loop
    vertex 229147.262914689 -77799.008106755 4995.00000000049
    vertex 229152.912410421 -77837.9896273071 4996.00000000049
    vertex 229152.912410421 -77837.9896273071 4995.00000000049
  endloop
endfacet
facet normal 0.989660599000355 0.143429072318896 -1.59903657331377e-16
  outer loop
    vertex 229152.912410421 -77837.9896273071 4996.00000000049
    vertex 229147.262914689 -77799.008106755 4995.00000000049
    vertex 229147.262914689 -77799.008106755 4996.00000000049
  endloop
endfacet
facet normal 0.989660599000355 0.143429072318895 -2.73519413916689e-17
  outer loop
    vertex 229084.774208272 -77743.3097332835 4995.00000000049
    vertex 229089.272800115 -77774.3500170003 4996.00000000049
    vertex 229089.272800115 -77774.3500170003 4995.00000000049
  endloop
endfacet
facet normal 0.989660599000355 0.143429072318895 -2.73519413916689e-17
  outer loop
    vertex 229089.272800115 -77774.3500170003 4996.00000000049
    vertex 229084.774208272 -77743.3097332835 4995.00000000049
    vertex 229084.774208272 -77743.3097332835 4996.00000000049
  endloop
endfacet
facet normal -0.143429072318893 0.989660599000355 -7.36398421994429e-18
  outer loop
    vertex 229066.721674096 -77743.9051477421 4995.00000000049
    vertex 229082.508028929 -77741.6172702301 4996.00000000049
    vertex 229082.508028929 -77741.6172702301 4995.00000000049
  endloop
endfacet
facet normal -0.143429072318893 0.989660599000355 -7.36398421994429e-18
  outer loop
    vertex 229082.508028929 -77741.6172702301 4996.00000000049
    vertex 229066.721674096 -77743.9051477421 4995.00000000049
    vertex 229066.721674096 -77743.9051477421 4996.00000000049
  endloop
endfacet
facet normal 0.989660599000355 0.143429072318895 -3.49263251549542e-16
  outer loop
    vertex 229102.539884303 -77740.7349976268 4995.00000000049
    vertex 229110.48600355 -77795.5632204359 4996.00000000049
    vertex 229110.48600355 -77795.5632204359 4995.00000000049
  endloop
endfacet
facet normal 0.989660599000355 0.143429072318895 -3.49263251549542e-16
  outer loop
    vertex 229110.48600355 -77795.5632204359 4996.00000000049
    vertex 229102.539884303 -77740.7349976268 4995.00000000049
    vertex 229102.539884303 -77740.7349976268 4996.00000000049
  endloop
endfacet
facet normal 0.989660599000355 0.143429072318894 -3.58520831709888e-15
  outer loop
    vertex 229096.612389489 -77699.8352834133 4996.00000000049
    vertex 229102.253026158 -77738.7556764288 4995.00000000049
    vertex 229096.612389489 -77699.8352834133 4995.00000000049
  endloop
endfacet
facet normal 0.989660599000355 0.143429072318894 -3.58520831709888e-15
  outer loop
    vertex 229102.253026158 -77738.7556764288 4995.00000000049
    vertex 229096.612389489 -77699.8352834133 4996.00000000049
    vertex 229102.253026158 -77738.7556764288 4996.00000000049
  endloop
endfacet
facet normal -0.989660599000355 -0.143429072318896 3.28223296626302e-16
  outer loop
    vertex 229127.231059316 -77799.8903793583 4996.00000000049
    vertex 229118.326239135 -77738.4471201148 4995.00000000049
    vertex 229127.231059316 -77799.8903793583 4995.00000000049
  endloop
endfacet
facet normal -0.989660599000355 -0.143429072318896 3.28223296626302e-16
  outer loop
    vertex 229118.326239135 -77738.4471201148 4995.00000000049
    vertex 229127.231059316 -77799.8903793583 4996.00000000049
    vertex 229118.326239135 -77738.4471201148 4996.00000000049
  endloop
endfacet
facet normal -0.989660599000355 -0.143429072318897 -1.99879571655827e-17
  outer loop
    vertex 229129.335787594 -77814.4130044799 4996.00000000049
    vertex 229127.51791746 -77801.8697005563 4995.00000000049
    vertex 229129.335787594 -77814.4130044799 4995.00000000049
  endloop
endfacet
facet normal -0.989660599000355 -0.143429072318897 -1.99879571655827e-17
  outer loop
    vertex 229127.51791746 -77801.8697005563 4995.00000000049
    vertex 229129.335787594 -77814.4130044799 4996.00000000049
    vertex 229127.51791746 -77801.8697005563 4996.00000000049
  endloop
endfacet
facet normal -0.989660599000355 -0.143429072318896 4.37631062168655e-16
  outer loop
    vertex 229144.996735347 -77797.3156437016 4996.00000000049
    vertex 229136.091915166 -77735.8723844581 4995.00000000049
    vertex 229144.996735347 -77797.3156437016 4995.00000000049
  endloop
endfacet
facet normal -0.989660599000355 -0.143429072318896 4.37631062168655e-16
  outer loop
    vertex 229136.091915166 -77735.8723844581 4995.00000000049
    vertex 229144.996735347 -77797.3156437016 4996.00000000049
    vertex 229136.091915166 -77735.8723844581 4996.00000000049
  endloop
endfacet
facet normal -0.989660599000355 -0.143429072318895 6.94318512093965e-17
  outer loop
    vertex 229150.54899103 -77835.6262079155 4996.00000000049
    vertex 229145.283593491 -77799.2949648996 4995.00000000049
    vertex 229150.54899103 -77835.6262079155 4995.00000000049
  endloop
endfacet
facet normal -0.989660599000355 -0.143429072318895 6.94318512093965e-17
  outer loop
    vertex 229145.283593491 -77799.2949648996 4995.00000000049
    vertex 229150.54899103 -77835.6262079155 4996.00000000049
    vertex 229145.283593491 -77799.2949648996 4996.00000000049
  endloop
endfacet
facet normal 0.989660599000355 0.143429072318896 -3.3663927843279e-17
  outer loop
    vertex 229155.836912395 -77733.0107906568 4995.00000000049
    vertex 229164.741732576 -77794.4540499003 4996.00000000049
    vertex 229164.741732576 -77794.4540499003 4995.00000000049
  endloop
endfacet
facet normal 0.989660599000355 0.143429072318896 -3.3663927843279e-17
  outer loop
    vertex 229164.741732576 -77794.4540499003 4996.00000000049
    vertex 229155.836912395 -77733.0107906568 4995.00000000049
    vertex 229155.836912395 -77733.0107906568 4996.00000000049
  endloop
endfacet
facet normal 0.989660599000355 0.143429072318896 9.67837926136565e-17
  outer loop
    vertex 229165.02859072 -77796.4333710983 4995.00000000049
    vertex 229174.125613857 -77859.2028307427 4996.00000000049
    vertex 229174.125613857 -77859.2028307427 4995.00000000049
  endloop
endfacet
facet normal 0.989660599000355 0.143429072318896 9.67837926136565e-17
  outer loop
    vertex 229174.125613857 -77859.2028307427 4996.00000000049
    vertex 229165.02859072 -77796.4333710983 4995.00000000049
    vertex 229165.02859072 -77796.4333710983 4996.00000000049
  endloop
endfacet
facet normal 0.989660599000355 0.143429072318893 -1.99879571672622e-17
  outer loop
    vertex 229129.497238658 -77801.5828424116 4995.00000000049
    vertex 229131.699206986 -77816.7764238715 4996.00000000049
    vertex 229131.699206986 -77816.7764238715 4995.00000000049
  endloop
endfacet
facet normal 0.989660599000355 0.143429072318893 -1.99879571672622e-17
  outer loop
    vertex 229131.699206986 -77816.7764238715 4996.00000000049
    vertex 229129.497238658 -77801.5828424116 4995.00000000049
    vertex 229129.497238658 -77801.5828424116 4996.00000000049
  endloop
endfacet
facet normal 0.989660599000355 0.143429072318898 3.94499154570093e-17
  outer loop
    vertex 229067.008532241 -77745.8844689401 4995.00000000049
    vertex 229068.059596679 -77753.1368135647 4996.00000000049
    vertex 229068.059596679 -77753.1368135647 4995.00000000049
  endloop
endfacet
facet normal 0.989660599000355 0.143429072318898 3.94499154570093e-17
  outer loop
    vertex 229068.059596679 -77753.1368135647 4996.00000000049
    vertex 229067.008532241 -77745.8844689401 4995.00000000049
    vertex 229067.008532241 -77745.8844689401 4996.00000000049
  endloop
endfacet
facet normal 0.989660599000355 0.143429072318897 -2.84039391236986e-17
  outer loop
    vertex 229064.926845117 -77731.5208277854 4996.00000000049
    vertex 229066.721674096 -77743.9051477421 4995.00000000049
    vertex 229064.926845117 -77731.5208277854 4995.00000000049
  endloop
endfacet
facet normal 0.989660599000355 0.143429072318897 -2.84039391236986e-17
  outer loop
    vertex 229066.721674096 -77743.9051477421 4995.00000000049
    vertex 229064.926845117 -77731.5208277854 4996.00000000049
    vertex 229066.721674096 -77743.9051477421 4996.00000000049
  endloop
endfacet
facet normal -0.989660599000355 -0.143429072318895 -8.41598198114363e-18
  outer loop
    vertex 229162.762411378 -77794.740908045 4996.00000000049
    vertex 229153.857591197 -77733.2976488015 4995.00000000049
    vertex 229162.762411378 -77794.740908045 4995.00000000049
  endloop
endfacet
facet normal -0.989660599000355 -0.143429072318895 -8.41598198114363e-18
  outer loop
    vertex 229153.857591197 -77733.2976488015 4995.00000000049
    vertex 229162.762411378 -77794.740908045 4996.00000000049
    vertex 229153.857591197 -77733.2976488015 4996.00000000049
  endloop
endfacet
facet normal -0.989660599000355 -0.143429072318895 -1.26239729571493e-17
  outer loop
    vertex 229082.508028929 -77741.6172702301 4995.00000000049
    vertex 229079.004531934 -77717.4431409678 4996.00000000049
    vertex 229079.004531934 -77717.4431409678 4995.00000000049
  endloop
endfacet
facet normal -0.989660599000355 -0.143429072318895 -1.26239729571493e-17
  outer loop
    vertex 229079.004531934 -77717.4431409678 4996.00000000049
    vertex 229082.508028929 -77741.6172702301 4995.00000000049
    vertex 229082.508028929 -77741.6172702301 4996.00000000049
  endloop
endfacet
facet normal -0.989660599000355 -0.143429072318893 3.38953673642204e-15
  outer loop
    vertex 229064.742352898 -77744.1920058868 4995.00000000049
    vertex 229063.161759748 -77733.2859131539 4996.00000000049
    vertex 229063.161759748 -77733.2859131539 4995.00000000049
  endloop
endfacet
facet normal -0.989660599000355 -0.143429072318893 3.38953673642204e-15
  outer loop
    vertex 229063.161759748 -77733.2859131539 4996.00000000049
    vertex 229064.742352898 -77744.1920058868 4995.00000000049
    vertex 229064.742352898 -77744.1920058868 4996.00000000049
  endloop
endfacet
facet normal -0.143429072318892 0.989660599000355 -5.68078782643193e-17
  outer loop
    vertex 229084.487350127 -77741.3304120855 4995.00000000049
    vertex 229100.27370496 -77739.0425345734 4996.00000000049
    vertex 229100.27370496 -77739.0425345734 4995.00000000049
  endloop
endfacet
facet normal -0.143429072318892 0.989660599000355 -5.68078782643193e-17
  outer loop
    vertex 229100.27370496 -77739.0425345734 4996.00000000049
    vertex 229084.487350127 -77741.3304120855 4995.00000000049
    vertex 229084.487350127 -77741.3304120855 4996.00000000049
  endloop
endfacet
facet normal 0.989660599000355 0.143429072318895 -3.15599323580788e-17
  outer loop
    vertex 229080.769617303 -77715.6780555994 4996.00000000049
    vertex 229084.487350127 -77741.3304120855 4995.00000000049
    vertex 229080.769617303 -77715.6780555994 4995.00000000049
  endloop
endfacet
facet normal 0.989660599000355 0.143429072318895 -3.15599323580788e-17
  outer loop
    vertex 229084.487350127 -77741.3304120855 4995.00000000049
    vertex 229080.769617303 -77715.6780555994 4996.00000000049
    vertex 229084.487350127 -77741.3304120855 4996.00000000049
  endloop
endfacet
facet normal 0.143429072318895 -0.989660599000355 -7.57438376836426e-17
  outer loop
    vertex 229129.497238658 -77801.5828424116 4996.00000000049
    vertex 229145.283593491 -77799.2949648996 4995.00000000049
    vertex 229145.283593491 -77799.2949648996 4996.00000000049
  endloop
endfacet
facet normal 0.143429072318895 -0.989660599000355 -7.57438376836426e-17
  outer loop
    vertex 229145.283593491 -77799.2949648996 4995.00000000049
    vertex 229129.497238658 -77801.5828424116 4996.00000000049
    vertex 229129.497238658 -77801.5828424116 4995.00000000049
  endloop
endfacet
facet normal 0.989660599000355 0.143429072318896 4.70327152117162e-14
  outer loop
    vertex 229128.297933861 -77668.1497390411 4996.00000000049
    vertex 229137.78437822 -77733.6062051155 4995.00000000049
    vertex 229128.297933861 -77668.1497390411 4995.00000000049
  endloop
endfacet
facet normal 0.989660599000355 0.143429072318896 4.70327152117162e-14
  outer loop
    vertex 229137.78437822 -77733.6062051155 4995.00000000049
    vertex 229128.297933861 -77668.1497390411 4996.00000000049
    vertex 229137.78437822 -77733.6062051155 4996.00000000049
  endloop
endfacet
facet normal 0.143429072318895 -0.989660599000355 3.15599323856031e-18
  outer loop
    vertex 229102.539884303 -77740.7349976268 4996.00000000049
    vertex 229118.326239135 -77738.4471201148 4995.00000000049
    vertex 229118.326239135 -77738.4471201148 4996.00000000049
  endloop
endfacet
facet normal 0.143429072318895 -0.989660599000355 3.15599323856031e-18
  outer loop
    vertex 229118.326239135 -77738.4471201148 4995.00000000049
    vertex 229102.539884303 -77740.7349976268 4996.00000000049
    vertex 229102.539884303 -77740.7349976268 4995.00000000049
  endloop
endfacet
facet normal -0.989660599000355 -0.143429072318894 8.41598196542429e-17
  outer loop
    vertex 229086.909380723 -77771.9865976087 4996.00000000049
    vertex 229082.794887074 -77743.5965914281 4995.00000000049
    vertex 229086.909380723 -77771.9865976087 4995.00000000049
  endloop
endfacet
facet normal -0.989660599000355 -0.143429072318894 8.41598196542429e-17
  outer loop
    vertex 229082.794887074 -77743.5965914281 4995.00000000049
    vertex 229086.909380723 -77771.9865976087 4996.00000000049
    vertex 229082.794887074 -77743.5965914281 4996.00000000049
  endloop
endfacet
facet normal -0.143429072318892 0.989660599000355 8.73158128871654e-17
  outer loop
    vertex 229120.018702189 -77736.1809407721 4995.00000000049
    vertex 229135.805057022 -77733.8930632601 4996.00000000049
    vertex 229135.805057022 -77733.8930632601 4995.00000000049
  endloop
endfacet
facet normal -0.143429072318892 0.989660599000355 8.73158128871654e-17
  outer loop
    vertex 229135.805057022 -77733.8930632601 4996.00000000049
    vertex 229120.018702189 -77736.1809407721 4995.00000000049
    vertex 229120.018702189 -77736.1809407721 4996.00000000049
  endloop
endfacet
facet normal 0.143429072318893 -0.989660599000355 5.9721912019474e-15
  outer loop
    vertex 229118.150133517 -77803.2273504031 4996.00000000049
    vertex 229127.51791746 -77801.8697005563 4995.00000000049
    vertex 229127.51791746 -77801.8697005563 4996.00000000049
  endloop
endfacet
facet normal 0.143429072318893 -0.989660599000355 5.9721912019474e-15
  outer loop
    vertex 229127.51791746 -77801.8697005563 4995.00000000049
    vertex 229118.150133517 -77803.2273504031 4996.00000000049
    vertex 229118.150133517 -77803.2273504031 4995.00000000049
  endloop
endfacet
facet normal 0.989660599000355 0.143429072318896 4.08175125315948e-16
  outer loop
    vertex 229120.305560333 -77738.1602619701 4995.00000000049
    vertex 229129.210380514 -77799.6035212136 4996.00000000049
    vertex 229129.210380514 -77799.6035212136 4995.00000000049
  endloop
endfacet
facet normal 0.989660599000355 0.143429072318896 4.08175125315948e-16
  outer loop
    vertex 229129.210380514 -77799.6035212136 4996.00000000049
    vertex 229120.305560333 -77738.1602619701 4995.00000000049
    vertex 229120.305560333 -77738.1602619701 4996.00000000049
  endloop
endfacet
facet normal 0.143429072318885 -0.989660599000356 8.93961384294078e-15
  outer loop
    vertex 229061.59222423 -77746.6694411156 4996.00000000049
    vertex 229065.029211043 -77746.1713270848 4995.00000000049
    vertex 229065.029211043 -77746.1713270848 4996.00000000049
  endloop
endfacet
facet normal 0.143429072318885 -0.989660599000356 8.93961384294078e-15
  outer loop
    vertex 229065.029211043 -77746.1713270848 4995.00000000049
    vertex 229061.59222423 -77746.6694411156 4996.00000000049
    vertex 229061.59222423 -77746.6694411156 4995.00000000049
  endloop
endfacet
facet normal -0.143429072318894 0.989660599000355 -2.20919526601235e-17
  outer loop
    vertex 229137.78437822 -77733.6062051155 4995.00000000049
    vertex 229153.570733053 -77731.3183276035 4996.00000000049
    vertex 229153.570733053 -77731.3183276035 4995.00000000049
  endloop
endfacet
facet normal -0.143429072318894 0.989660599000355 -2.20919526601235e-17
  outer loop
    vertex 229153.570733053 -77731.3183276035 4996.00000000049
    vertex 229137.78437822 -77733.6062051155 4995.00000000049
    vertex 229137.78437822 -77733.6062051155 4996.00000000049
  endloop
endfacet
facet normal 0.143429072318892 -0.989660599000355 1.16771749764733e-16
  outer loop
    vertex 229165.02859072 -77796.4333710983 4996.00000000049
    vertex 229180.814945553 -77794.1454935863 4995.00000000049
    vertex 229180.814945553 -77794.1454935863 4996.00000000049
  endloop
endfacet
facet normal 0.143429072318892 -0.989660599000355 1.16771749764733e-16
  outer loop
    vertex 229180.814945553 -77794.1454935863 4995.00000000049
    vertex 229165.02859072 -77796.4333710983 4996.00000000049
    vertex 229165.02859072 -77796.4333710983 4995.00000000049
  endloop
endfacet
facet normal -0.143429072318895 0.989660599000355 -1.67980672246486e-27
  outer loop
    vertex 229102.253026158 -77738.7556764288 4995.00000000049
    vertex 229118.039380991 -77736.4677989168 4996.00000000049
    vertex 229118.039380991 -77736.4677989168 4995.00000000049
  endloop
endfacet
facet normal -0.143429072318895 0.989660599000355 -1.67980672246486e-27
  outer loop
    vertex 229118.039380991 -77736.4677989168 4996.00000000049
    vertex 229102.253026158 -77738.7556764288 4995.00000000049
    vertex 229102.253026158 -77738.7556764288 4996.00000000049
  endloop
endfacet
facet normal -0.143429072318888 0.989660599000356 -1.22973276475565e-14
  outer loop
    vertex 229059.827138861 -77744.9043557471 4995.00000000049
    vertex 229064.742352898 -77744.1920058868 4996.00000000049
    vertex 229064.742352898 -77744.1920058868 4995.00000000049
  endloop
endfacet
facet normal -0.143429072318888 0.989660599000356 -1.22973276475565e-14
  outer loop
    vertex 229064.742352898 -77744.1920058868 4996.00000000049
    vertex 229059.827138861 -77744.9043557471 4995.00000000049
    vertex 229059.827138861 -77744.9043557471 4996.00000000049
  endloop
endfacet
facet normal -0.989660599000355 -0.143429072318892 1.05199774563539e-18
  outer loop
    vertex 229065.696177287 -77750.7733941731 4996.00000000049
    vertex 229065.029211043 -77746.1713270848 4995.00000000049
    vertex 229065.696177287 -77750.7733941731 4995.00000000049
  endloop
endfacet
facet normal -0.989660599000355 -0.143429072318892 1.05199774563539e-18
  outer loop
    vertex 229065.029211043 -77746.1713270848 4995.00000000049
    vertex 229065.696177287 -77750.7733941731 4996.00000000049
    vertex 229065.029211043 -77746.1713270848 4996.00000000049
  endloop
endfacet
facet normal -0.989660599000355 -0.143429072318894 3.99759143340891e-16
  outer loop
    vertex 229108.122584159 -77793.1998010443 4996.00000000049
    vertex 229100.560563105 -77741.0218557714 4995.00000000049
    vertex 229108.122584159 -77793.1998010443 4995.00000000049
  endloop
endfacet
facet normal -0.989660599000355 -0.143429072318894 3.99759143340891e-16
  outer loop
    vertex 229100.560563105 -77741.0218557714 4995.00000000049
    vertex 229108.122584159 -77793.1998010443 4996.00000000049
    vertex 229100.560563105 -77741.0218557714 4996.00000000049
  endloop
endfacet
facet normal -0.989660599000355 -0.143429072318896 -5.21285922915615e-14
  outer loop
    vertex 229153.570733053 -77731.3183276035 4995.00000000049
    vertex 229142.375620679 -77654.0720522235 4996.00000000049
    vertex 229142.375620679 -77654.0720522235 4995.00000000049
  endloop
endfacet
facet normal -0.989660599000355 -0.143429072318896 -5.21285922915615e-14
  outer loop
    vertex 229142.375620679 -77654.0720522235 4996.00000000049
    vertex 229153.570733053 -77731.3183276035 4995.00000000049
    vertex 229153.570733053 -77731.3183276035 4996.00000000049
  endloop
endfacet
facet normal 0.382683432365102 -0.923879532511282 1.00064452568845e-15
  outer loop
    vertex 229194.527758921 -77884.4934999626 5000.00000000049
    vertex 229194.82105034 -77884.3488646407 4995.00000000049
    vertex 229194.82105034 -77884.3488646407 5000.00000000049
  endloop
endfacet
facet normal 0.499999999999976 -0.866025403784453 9.37983307248405e-16
  outer loop
    vertex 229194.82105034 -77884.3488646407 4995.00000000049
    vertex 229194.527758921 -77884.4934999626 5000.00000000049
    vertex 229194.527758921 -77884.4934999626 4995.00000000049
  endloop
endfacet
facet normal -8.07793566946316e-31 0.0 1.0
  outer loop
    vertex 229193.959278907 -77883.6326898707 5006.00000000049
    vertex 229193.57105034 -77883.6838011313 5006.00000000049
    vertex 229193.766839628 -77883.6709684233 5006.00000000049
  endloop
endfacet
facet normal -8.07793566946316e-31 0.0 1.0
  outer loop
    vertex 229193.57105034 -77883.6838011313 5006.00000000049
    vertex 229193.959278907 -77883.6326898707 5006.00000000049
    vertex 229194.145075488 -77883.56962043 5006.00000000049
  endloop
endfacet
facet normal -8.07793566946316e-31 0.0 1.0
  outer loop
    vertex 229193.57105034 -77883.6838011313 5006.00000000049
    vertex 229194.145075488 -77883.56962043 5006.00000000049
    vertex 229193.375261051 -77883.6709684233 5006.00000000049
  endloop
endfacet
facet normal -8.07793566946316e-31 0.0 1.0
  outer loop
    vertex 229193.375261051 -77883.6709684233 5006.00000000049
    vertex 229194.145075488 -77883.56962043 5006.00000000049
    vertex 229194.32105034 -77883.482839237 5006.00000000049
  endloop
endfacet
facet normal -8.07793566946316e-31 0.0 1.0
  outer loop
    vertex 229193.375261051 -77883.6709684233 5006.00000000049
    vertex 229194.32105034 -77883.482839237 5006.00000000049
    vertex 229193.182821772 -77883.6326898707 5006.00000000049
  endloop
endfacet
facet normal -8.07793566946316e-31 0.0 1.0
  outer loop
    vertex 229193.182821772 -77883.6326898707 5006.00000000049
    vertex 229194.32105034 -77883.482839237 5006.00000000049
    vertex 229194.484192483 -77883.3738311417 5006.00000000049
  endloop
endfacet
facet normal -8.07793566946316e-31 0.0 1.0
  outer loop
    vertex 229193.182821772 -77883.6326898707 5006.00000000049
    vertex 229194.484192483 -77883.3738311417 5006.00000000049
    vertex 229192.997025191 -77883.56962043 5006.00000000049
  endloop
endfacet
facet normal -8.07793566946316e-31 0.0 1.0
  outer loop
    vertex 229192.997025191 -77883.56962043 5006.00000000049
    vertex 229194.484192483 -77883.3738311417 5006.00000000049
    vertex 229194.631710511 -77883.2444613031 5006.00000000049
  endloop
endfacet
facet normal -8.07793566946316e-31 0.0 1.0
  outer loop
    vertex 229192.997025191 -77883.56962043 5006.00000000049
    vertex 229194.631710511 -77883.2444613031 5006.00000000049
    vertex 229192.82105034 -77883.482839237 5006.00000000049
  endloop
endfacet
facet normal -8.07793566946316e-31 0.0 1.0
  outer loop
    vertex 229192.82105034 -77883.482839237 5006.00000000049
    vertex 229194.631710511 -77883.2444613031 5006.00000000049
    vertex 229194.76108035 -77883.0969432748 5006.00000000049
  endloop
endfacet
facet normal -8.07793566946316e-31 0.0 1.0
  outer loop
    vertex 229192.82105034 -77883.482839237 5006.00000000049
    vertex 229194.76108035 -77883.0969432748 5006.00000000049
    vertex 229192.657908196 -77883.3738311417 5006.00000000049
  endloop
endfacet
facet normal -8.07793566946316e-31 0.0 1.0
  outer loop
    vertex 229192.657908196 -77883.3738311417 5006.00000000049
    vertex 229194.76108035 -77883.0969432748 5006.00000000049
    vertex 229194.870088445 -77882.9338011313 5006.00000000049
  endloop
endfacet
facet normal -8.07793566946316e-31 0.0 1.0
  outer loop
    vertex 229192.657908196 -77883.3738311417 5006.00000000049
    vertex 229194.870088445 -77882.9338011313 5006.00000000049
    vertex 229192.510390168 -77883.2444613031 5006.00000000049
  endloop
endfacet
facet normal -8.07793566946316e-31 0.0 1.0
  outer loop
    vertex 229192.510390168 -77883.2444613031 5006.00000000049
    vertex 229194.870088445 -77882.9338011313 5006.00000000049
    vertex 229194.956869638 -77882.7578262798 5006.00000000049
  endloop
endfacet
facet normal -8.07793566946316e-31 0.0 1.0
  outer loop
    vertex 229192.510390168 -77883.2444613031 5006.00000000049
    vertex 229194.956869638 -77882.7578262798 5006.00000000049
    vertex 229192.381020329 -77883.0969432748 5006.00000000049
  endloop
endfacet
facet normal -8.07793566946316e-31 0.0 1.0
  outer loop
    vertex 229192.381020329 -77883.0969432748 5006.00000000049
    vertex 229194.956869638 -77882.7578262798 5006.00000000049
    vertex 229195.019939079 -77882.5720296989 5006.00000000049
  endloop
endfacet
facet normal -8.07793566946316e-31 0.0 1.0
  outer loop
    vertex 229192.381020329 -77883.0969432748 5006.00000000049
    vertex 229195.019939079 -77882.5720296989 5006.00000000049
    vertex 229192.272012234 -77882.9338011313 5006.00000000049
  endloop
endfacet
facet normal -8.07793566946316e-31 0.0 1.0
  outer loop
    vertex 229192.272012234 -77882.9338011313 5006.00000000049
    vertex 229195.019939079 -77882.5720296989 5006.00000000049
    vertex 229195.058217632 -77882.3795904196 5006.00000000049
  endloop
endfacet
facet normal -8.07793566946316e-31 0.0 1.0
  outer loop
    vertex 229192.272012234 -77882.9338011313 5006.00000000049
    vertex 229195.058217632 -77882.3795904196 5006.00000000049
    vertex 229192.185231041 -77882.7578262798 5006.00000000049
  endloop
endfacet
facet normal -8.07793566946316e-31 0.0 1.0
  outer loop
    vertex 229192.185231041 -77882.7578262798 5006.00000000049
    vertex 229195.058217632 -77882.3795904196 5006.00000000049
    vertex 229195.07105034 -77882.1838011313 5006.00000000049
  endloop
endfacet
facet normal -8.07793566946316e-31 0.0 1.0
  outer loop
    vertex 229192.185231041 -77882.7578262798 5006.00000000049
    vertex 229195.07105034 -77882.1838011313 5006.00000000049
    vertex 229192.1221616 -77882.5720296989 5006.00000000049
  endloop
endfacet
facet normal -8.07793566946316e-31 0.0 1.0
  outer loop
    vertex 229192.1221616 -77882.5720296989 5006.00000000049
    vertex 229195.07105034 -77882.1838011313 5006.00000000049
    vertex 229195.058217632 -77881.988011843 5006.00000000049
  endloop
endfacet
facet normal -8.07793566946316e-31 0.0 1.0
  outer loop
    vertex 229192.1221616 -77882.5720296989 5006.00000000049
    vertex 229195.058217632 -77881.988011843 5006.00000000049
    vertex 229192.083883048 -77882.3795904196 5006.00000000049
  endloop
endfacet
facet normal -8.07793566946316e-31 0.0 1.0
  outer loop
    vertex 229192.083883048 -77882.3795904196 5006.00000000049
    vertex 229195.058217632 -77881.988011843 5006.00000000049
    vertex 229195.019939079 -77881.7955725636 5006.00000000049
  endloop
endfacet
facet normal -8.07793566946316e-31 0.0 1.0
  outer loop
    vertex 229192.083883048 -77882.3795904196 5006.00000000049
    vertex 229195.019939079 -77881.7955725636 5006.00000000049
    vertex 229192.07105034 -77882.1838011313 5006.00000000049
  endloop
endfacet
facet normal -8.07793566946316e-31 0.0 1.0
  outer loop
    vertex 229192.07105034 -77882.1838011313 5006.00000000049
    vertex 229195.019939079 -77881.7955725636 5006.00000000049
    vertex 229194.956869638 -77881.6097759827 5006.00000000049
  endloop
endfacet
facet normal -8.07793566946316e-31 0.0 1.0
  outer loop
    vertex 229192.07105034 -77882.1838011313 5006.00000000049
    vertex 229194.956869638 -77881.6097759827 5006.00000000049
    vertex 229192.083883048 -77881.988011843 5006.00000000049
  endloop
endfacet
facet normal -8.07793566946316e-31 0.0 1.0
  outer loop
    vertex 229192.083883048 -77881.988011843 5006.00000000049
    vertex 229194.956869638 -77881.6097759827 5006.00000000049
    vertex 229194.870088445 -77881.4338011313 5006.00000000049
  endloop
endfacet
facet normal -8.07793566946316e-31 0.0 1.0
  outer loop
    vertex 229192.083883048 -77881.988011843 5006.00000000049
    vertex 229194.870088445 -77881.4338011313 5006.00000000049
    vertex 229192.1221616 -77881.7955725636 5006.00000000049
  endloop
endfacet
facet normal -8.07793566946316e-31 0.0 1.0
  outer loop
    vertex 229192.1221616 -77881.7955725636 5006.00000000049
    vertex 229194.870088445 -77881.4338011313 5006.00000000049
    vertex 229194.76108035 -77881.2706589878 5006.00000000049
  endloop
endfacet
facet normal -8.07793566946316e-31 0.0 1.0
  outer loop
    vertex 229192.1221616 -77881.7955725636 5006.00000000049
    vertex 229194.76108035 -77881.2706589878 5006.00000000049
    vertex 229192.185231041 -77881.6097759827 5006.00000000049
  endloop
endfacet
facet normal -8.07793566946316e-31 0.0 1.0
  outer loop
    vertex 229192.185231041 -77881.6097759827 5006.00000000049
    vertex 229194.76108035 -77881.2706589878 5006.00000000049
    vertex 229194.631710511 -77881.1231409595 5006.00000000049
  endloop
endfacet
facet normal -8.07793566946316e-31 0.0 1.0
  outer loop
    vertex 229192.185231041 -77881.6097759827 5006.00000000049
    vertex 229194.631710511 -77881.1231409595 5006.00000000049
    vertex 229192.272012234 -77881.4338011313 5006.00000000049
  endloop
endfacet
facet normal -8.07793566946316e-31 0.0 1.0
  outer loop
    vertex 229192.272012234 -77881.4338011313 5006.00000000049
    vertex 229194.631710511 -77881.1231409595 5006.00000000049
    vertex 229194.484192483 -77880.9937711208 5006.00000000049
  endloop
endfacet
facet normal -8.07793566946316e-31 0.0 1.0
  outer loop
    vertex 229192.272012234 -77881.4338011313 5006.00000000049
    vertex 229194.484192483 -77880.9937711208 5006.00000000049
    vertex 229192.381020329 -77881.2706589878 5006.00000000049
  endloop
endfacet
facet normal -8.07793566946316e-31 0.0 1.0
  outer loop
    vertex 229192.381020329 -77881.2706589878 5006.00000000049
    vertex 229194.484192483 -77880.9937711208 5006.00000000049
    vertex 229194.32105034 -77880.8847630256 5006.00000000049
  endloop
endfacet
facet normal -8.07793566946316e-31 0.0 1.0
  outer loop
    vertex 229192.381020329 -77881.2706589878 5006.00000000049
    vertex 229194.32105034 -77880.8847630256 5006.00000000049
    vertex 229192.510390168 -77881.1231409595 5006.00000000049
  endloop
endfacet
facet normal -8.07793566946316e-31 0.0 1.0
  outer loop
    vertex 229192.510390168 -77881.1231409595 5006.00000000049
    vertex 229194.32105034 -77880.8847630256 5006.00000000049
    vertex 229194.145075488 -77880.7979818325 5006.00000000049
  endloop
endfacet
facet normal -8.07793566946316e-31 0.0 1.0
  outer loop
    vertex 229192.510390168 -77881.1231409595 5006.00000000049
    vertex 229194.145075488 -77880.7979818325 5006.00000000049
    vertex 229192.657908196 -77880.9937711208 5006.00000000049
  endloop
endfacet
facet normal -8.07793566946316e-31 0.0 1.0
  outer loop
    vertex 229192.657908196 -77880.9937711208 5006.00000000049
    vertex 229194.145075488 -77880.7979818325 5006.00000000049
    vertex 229193.959278907 -77880.7349123919 5006.00000000049
  endloop
endfacet
facet normal -8.07793566946316e-31 0.0 1.0
  outer loop
    vertex 229192.657908196 -77880.9937711208 5006.00000000049
    vertex 229193.959278907 -77880.7349123919 5006.00000000049
    vertex 229192.82105034 -77880.8847630256 5006.00000000049
  endloop
endfacet
facet normal -8.07793566946316e-31 0.0 1.0
  outer loop
    vertex 229192.82105034 -77880.8847630256 5006.00000000049
    vertex 229193.959278907 -77880.7349123919 5006.00000000049
    vertex 229193.766839628 -77880.6966338392 5006.00000000049
  endloop
endfacet
facet normal -8.07793566946316e-31 0.0 1.0
  outer loop
    vertex 229192.82105034 -77880.8847630256 5006.00000000049
    vertex 229193.766839628 -77880.6966338392 5006.00000000049
    vertex 229192.997025191 -77880.7979818325 5006.00000000049
  endloop
endfacet
facet normal -8.07793566946316e-31 0.0 1.0
  outer loop
    vertex 229192.997025191 -77880.7979818325 5006.00000000049
    vertex 229193.766839628 -77880.6966338392 5006.00000000049
    vertex 229193.57105034 -77880.6838011313 5006.00000000049
  endloop
endfacet
facet normal -8.07793566946316e-31 0.0 1.0
  outer loop
    vertex 229192.997025191 -77880.7979818325 5006.00000000049
    vertex 229193.57105034 -77880.6838011313 5006.00000000049
    vertex 229193.182821772 -77880.7349123919 5006.00000000049
  endloop
endfacet
facet normal -8.07793566946316e-31 0.0 1.0
  outer loop
    vertex 229193.182821772 -77880.7349123919 5006.00000000049
    vertex 229193.57105034 -77880.6838011313 5006.00000000049
    vertex 229193.375261051 -77880.6966338392 5006.00000000049
  endloop
endfacet
facet normal -0.499999999999987 -0.866025403784446 2.01948391736579e-30
  outer loop
    vertex 229051.399694102 -77742.0614829996 5006.00000000049
    vertex 229051.236551959 -77741.9524749044 5000.00000000049
    vertex 229051.399694102 -77742.0614829996 5000.00000000049
  endloop
endfacet
facet normal -0.60876142900871 -0.793353340291243 3.23117426778527e-30
  outer loop
    vertex 229051.236551959 -77741.9524749044 5000.00000000049
    vertex 229051.399694102 -77742.0614829996 5006.00000000049
    vertex 229051.236551959 -77741.9524749044 5006.00000000049
  endloop
endfacet
facet normal 0.13052619222002 -0.991444861373815 1.07382384623131e-15
  outer loop
    vertex 229193.89736582 -77884.6624132847 5000.00000000049
    vertex 229194.218097952 -77884.598615697 4995.00000000049
    vertex 229194.218097952 -77884.598615697 5000.00000000049
  endloop
endfacet
facet normal 0.258819045102544 -0.965925826289062 1.04618443886291e-15
  outer loop
    vertex 229194.218097952 -77884.598615697 4995.00000000049
    vertex 229193.89736582 -77884.6624132847 5000.00000000049
    vertex 229193.89736582 -77884.6624132847 4995.00000000049
  endloop
endfacet
facet normal 0.130526192220059 0.991444861373809 1.14999618163499e-15
  outer loop
    vertex 229158.542026761 -77632.2178155626 4995.00000000049
    vertex 229158.862758893 -77632.2816131503 5000.00000000049
    vertex 229158.862758893 -77632.2816131503 4995.00000000049
  endloop
endfacet
facet normal 0.258819045102513 0.96592582628907 1.27631981085874e-15
  outer loop
    vertex 229158.862758893 -77632.2816131503 5000.00000000049
    vertex 229158.542026761 -77632.2178155626 4995.00000000049
    vertex 229158.542026761 -77632.2178155626 5000.00000000049
  endloop
endfacet
facet normal 0.866025403784438 -0.500000000000002 -2.77306997366416e-16
  outer loop
    vertex 229160.38077479 -77635.946427716 5000.00000000049
    vertex 229160.199094631 -77636.2183312885 4995.00000000049
    vertex 229160.38077479 -77635.946427716 4995.00000000049
  endloop
endfacet
facet normal 0.793353340291307 -0.608761429008627 3.36659613106815e-15
  outer loop
    vertex 229160.199094631 -77636.2183312885 4995.00000000049
    vertex 229160.38077479 -77635.946427716 5000.00000000049
    vertex 229160.199094631 -77636.2183312885 5000.00000000049
  endloop
endfacet
facet normal 0.751839807478993 -0.659345815100051 1.35681657689746e-19
  outer loop
    vertex 229195.338817293 -77883.9515680843 5000.00000000049
    vertex 229195.55443369 -77883.7057047038 4995.00000000049
    vertex 229195.55443369 -77883.7057047038 5000.00000000049
  endloop
endfacet
facet normal 0.793353340291265 -0.608761429008681 4.51312275519726e-16
  outer loop
    vertex 229195.55443369 -77883.7057047038 4995.00000000049
    vertex 229195.338817293 -77883.9515680843 5000.00000000049
    vertex 229195.338817293 -77883.9515680843 4995.00000000049
  endloop
endfacet
facet normal 0.499999999999996 0.866025403784441 0.0
  outer loop
    vertex 229194.32105034 -77880.8847630256 5000.00000000049
    vertex 229194.484192483 -77880.9937711208 5006.00000000049
    vertex 229194.484192483 -77880.9937711208 5000.00000000049
  endloop
endfacet
facet normal 0.608761429008722 0.793353340291234 -8.07793566946316e-31
  outer loop
    vertex 229194.484192483 -77880.9937711208 5006.00000000049
    vertex 229194.32105034 -77880.8847630256 5000.00000000049
    vertex 229194.32105034 -77880.8847630256 5006.00000000049
  endloop
endfacet
facet normal 0.382683432365091 0.923879532511286 -1.61558713389263e-30
  outer loop
    vertex 229194.145075488 -77880.7979818325 5000.00000000049
    vertex 229194.32105034 -77880.8847630256 5006.00000000049
    vertex 229194.32105034 -77880.8847630256 5000.00000000049
  endloop
endfacet
facet normal 0.499999999999996 0.866025403784441 -4.03896783473158e-31
  outer loop
    vertex 229194.32105034 -77880.8847630256 5006.00000000049
    vertex 229194.145075488 -77880.7979818325 5000.00000000049
    vertex 229194.145075488 -77880.7979818325 5006.00000000049
  endloop
endfacet
facet normal 0.258819045102569 0.965925826289055 -8.07793566946316e-31
  outer loop
    vertex 229193.959278907 -77880.7349123919 5000.00000000049
    vertex 229194.145075488 -77880.7979818325 5006.00000000049
    vertex 229194.145075488 -77880.7979818325 5000.00000000049
  endloop
endfacet
facet normal 0.382683432365092 0.923879532511286 -1.21169035041947e-30
  outer loop
    vertex 229194.145075488 -77880.7979818325 5006.00000000049
    vertex 229193.959278907 -77880.7349123919 5000.00000000049
    vertex 229193.959278907 -77880.7349123919 5006.00000000049
  endloop
endfacet
facet normal 0.130526192220002 0.991444861373817 -8.07793566946316e-31
  outer loop
    vertex 229193.766839628 -77880.6966338392 5000.00000000049
    vertex 229193.959278907 -77880.7349123919 5006.00000000049
    vertex 229193.959278907 -77880.7349123919 5000.00000000049
  endloop
endfacet
facet normal 0.25881904510257 0.965925826289055 -1.21169035041947e-30
  outer loop
    vertex 229193.959278907 -77880.7349123919 5006.00000000049
    vertex 229193.766839628 -77880.6966338392 5000.00000000049
    vertex 229193.766839628 -77880.6966338392 5006.00000000049
  endloop
endfacet
facet normal 0.499999999999996 -0.866025403784441 -5.04870979341448e-31
  outer loop
    vertex 229194.32105034 -77883.482839237 5006.00000000049
    vertex 229194.484192483 -77883.3738311417 5000.00000000049
    vertex 229194.484192483 -77883.3738311417 5006.00000000049
  endloop
endfacet
facet normal 0.608761429008721 -0.793353340291234 -6.05845175209737e-31
  outer loop
    vertex 229194.484192483 -77883.3738311417 5000.00000000049
    vertex 229194.32105034 -77883.482839237 5006.00000000049
    vertex 229194.32105034 -77883.482839237 5000.00000000049
  endloop
endfacet
facet normal 0.130526192220002 0.991444861373817 -8.07793566946316e-31
  outer loop
    vertex 229193.766839628 -77880.6966338392 5000.00000000049
    vertex 229193.57105034 -77880.6838011313 5006.00000000049
    vertex 229193.766839628 -77880.6966338392 5006.00000000049
  endloop
endfacet
facet normal 1.42108547152027e-16 1.0 0.0
  outer loop
    vertex 229193.57105034 -77880.6838011313 5006.00000000049
    vertex 229193.766839628 -77880.6966338392 5000.00000000049
    vertex 229193.57105034 -77880.6838011313 5000.00000000049
  endloop
endfacet
facet normal 0.130526192220058 0.991444861373809 -8.07793566946316e-31
  outer loop
    vertex 229158.411500569 -77633.2092604239 5000.00000000049
    vertex 229158.603939848 -77633.2475389766 5006.00000000049
    vertex 229158.603939848 -77633.2475389766 5000.00000000049
  endloop
endfacet
facet normal 0.258819045102531 0.965925826289066 -4.03896783473158e-31
  outer loop
    vertex 229158.603939848 -77633.2475389766 5006.00000000049
    vertex 229158.411500569 -77633.2092604239 5000.00000000049
    vertex 229158.411500569 -77633.2092604239 5006.00000000049
  endloop
endfacet
facet normal 0.991444861373815 0.13052619222002 1.07382384623131e-15
  outer loop
    vertex 229196.049662493 -77881.8574856507 4995.00000000049
    vertex 229196.07105034 -77882.1838011313 5000.00000000049
    vertex 229196.07105034 -77882.1838011313 4995.00000000049
  endloop
endfacet
facet normal 1.0 8.52651282912207e-17 1.08308982987046e-15
  outer loop
    vertex 229196.07105034 -77882.1838011313 5000.00000000049
    vertex 229196.049662493 -77881.8574856507 4995.00000000049
    vertex 229196.049662493 -77881.8574856507 5000.00000000049
  endloop
endfacet
facet normal -0.130526192220003 0.991444861373817 2.01948391736579e-31
  outer loop
    vertex 229193.375261051 -77880.6966338392 5000.00000000049
    vertex 229193.57105034 -77880.6838011313 5006.00000000049
    vertex 229193.57105034 -77880.6838011313 5000.00000000049
  endloop
endfacet
facet normal 1.42108547152027e-16 1.0 0.0
  outer loop
    vertex 229193.57105034 -77880.6838011313 5006.00000000049
    vertex 229193.375261051 -77880.6966338392 5000.00000000049
    vertex 229193.375261051 -77880.6966338392 5006.00000000049
  endloop
endfacet
facet normal 0.92387953251127 -0.38268343236513 1.00064452568843e-15
  outer loop
    vertex 229195.880749171 -77883.1405097122 4995.00000000049
    vertex 229195.736113849 -77883.4338011313 5000.00000000049
    vertex 229195.736113849 -77883.4338011313 4995.00000000049
  endloop
endfacet
facet normal 0.866025403784456 -0.49999999999997 9.37983307248404e-16
  outer loop
    vertex 229195.736113849 -77883.4338011313 5000.00000000049
    vertex 229195.880749171 -77883.1405097122 4995.00000000049
    vertex 229195.880749171 -77883.1405097122 5000.00000000049
  endloop
endfacet
facet normal 0.866025403784456 -0.49999999999997 9.37983307248403e-16
  outer loop
    vertex 229195.736113849 -77883.4338011313 4995.00000000049
    vertex 229195.55443369 -77883.7057047038 5000.00000000049
    vertex 229195.55443369 -77883.7057047038 4995.00000000049
  endloop
endfacet
facet normal 0.793353340291265 -0.608761429008681 4.51312275519728e-16
  outer loop
    vertex 229195.55443369 -77883.7057047038 5000.00000000049
    vertex 229195.736113849 -77883.4338011313 4995.00000000049
    vertex 229195.736113849 -77883.4338011313 5000.00000000049
  endloop
endfacet
facet normal 0.751839807479138 -0.659345815099885 6.89557407297902e-15
  outer loop
    vertex 229159.983478233 -77636.464194669 5000.00000000049
    vertex 229160.199094631 -77636.2183312885 4995.00000000049
    vertex 229160.199094631 -77636.2183312885 5000.00000000049
  endloop
endfacet
facet normal 0.793353340291307 -0.608761429008627 3.36659613106815e-15
  outer loop
    vertex 229160.199094631 -77636.2183312885 4995.00000000049
    vertex 229159.983478233 -77636.464194669 5000.00000000049
    vertex 229159.983478233 -77636.464194669 4995.00000000049
  endloop
endfacet
facet normal 0.751839807479138 -0.659345815099885 6.89557407297902e-15
  outer loop
    vertex 229159.983478233 -77636.464194669 4995.00000000049
    vertex 229159.983478233 -77636.464194669 5000.00000000049
    vertex 229159.983478233 -77636.464194669 4996.00000000049
  endloop
endfacet
facet normal -0.989660599000355 -0.143429072318894 -2.01983567171725e-16
  outer loop
    vertex 229180.528087408 -77792.1661723883 4995.00000000049
    vertex 229171.623267228 -77730.7229131448 4996.00000000049
    vertex 229171.623267228 -77730.7229131448 4995.00000000049
  endloop
endfacet
facet normal -0.989660599000355 -0.143429072318894 -2.01983567171725e-16
  outer loop
    vertex 229171.623267228 -77730.7229131448 4996.00000000049
    vertex 229180.528087408 -77792.1661723883 4995.00000000049
    vertex 229180.528087408 -77792.1661723883 4996.00000000049
  endloop
endfacet
facet normal -0.499999999999998 0.86602540378444 2.77306997366458e-16
  outer loop
    vertex 229156.96571128 -77632.5313642065 4995.00000000049
    vertex 229157.259002699 -77632.3867288847 5000.00000000049
    vertex 229157.259002699 -77632.3867288847 4995.00000000049
  endloop
endfacet
facet normal -0.382683432365099 0.923879532511283 4.74337084413892e-16
  outer loop
    vertex 229157.259002699 -77632.3867288847 5000.00000000049
    vertex 229156.96571128 -77632.5313642065 4995.00000000049
    vertex 229156.96571128 -77632.5313642065 5000.00000000049
  endloop
endfacet
facet normal 0.258819045102513 0.965925826289071 1.27631981085874e-15
  outer loop
    vertex 229158.862758893 -77632.2816131503 4995.00000000049
    vertex 229159.172419861 -77632.3867288847 5000.00000000049
    vertex 229159.172419861 -77632.3867288847 4995.00000000049
  endloop
endfacet
facet normal 0.382683432365089 0.923879532511287 1.38080525425602e-15
  outer loop
    vertex 229159.172419861 -77632.3867288847 5000.00000000049
    vertex 229158.862758893 -77632.2816131503 4995.00000000049
    vertex 229158.862758893 -77632.2816131503 5000.00000000049
  endloop
endfacet
facet normal -0.382683432365129 -0.92387953251127 1.00064452568843e-15
  outer loop
    vertex 229192.614341759 -77884.4934999626 5000.00000000049
    vertex 229192.924002727 -77884.598615697 4995.00000000049
    vertex 229192.924002727 -77884.598615697 5000.00000000049
  endloop
endfacet
facet normal -0.258819045102532 -0.965925826289065 1.04618443886291e-15
  outer loop
    vertex 229192.924002727 -77884.598615697 4995.00000000049
    vertex 229192.614341759 -77884.4934999626 5000.00000000049
    vertex 229192.614341759 -77884.4934999626 4995.00000000049
  endloop
endfacet
facet normal 0.965925826289064 -0.258819045102536 -6.63251132435885e-16
  outer loop
    vertex 229160.630525846 -77635.3434753287 4995.00000000049
    vertex 229160.525410112 -77635.6531362969 5000.00000000049
    vertex 229160.525410112 -77635.6531362969 4995.00000000049
  endloop
endfacet
facet normal 0.923879532511276 -0.382683432365117 -4.74337084413824e-16
  outer loop
    vertex 229160.525410112 -77635.6531362969 5000.00000000049
    vertex 229160.630525846 -77635.3434753287 4995.00000000049
    vertex 229160.630525846 -77635.3434753287 5000.00000000049
  endloop
endfacet
facet normal 0.923879532511275 -0.382683432365117 -4.74337084413824e-16
  outer loop
    vertex 229160.525410112 -77635.6531362969 4995.00000000049
    vertex 229160.38077479 -77635.946427716 5000.00000000049
    vertex 229160.38077479 -77635.946427716 4995.00000000049
  endloop
endfacet
facet normal 0.866025403784438 -0.500000000000002 -2.77306997366416e-16
  outer loop
    vertex 229160.38077479 -77635.946427716 5000.00000000049
    vertex 229160.525410112 -77635.6531362969 4995.00000000049
    vertex 229160.525410112 -77635.6531362969 5000.00000000049
  endloop
endfacet
facet normal 0.793353340291248 0.608761429008703 -7.47645795099315e-16
  outer loop
    vertex 229160.199094631 -77633.1745241435 5000.00000000049
    vertex 229160.38077479 -77633.446427716 4995.00000000049
    vertex 229160.199094631 -77633.1745241435 4995.00000000049
  endloop
endfacet
facet normal 0.866025403784439 0.499999999999999 -1.46166473692138e-15
  outer loop
    vertex 229160.38077479 -77633.446427716 4995.00000000049
    vertex 229160.199094631 -77633.1745241435 5000.00000000049
    vertex 229160.38077479 -77633.446427716 5000.00000000049
  endloop
endfacet
facet normal 0.991444861373814 -0.130526192220021 -8.40816769694055e-16
  outer loop
    vertex 229160.694323434 -77635.0227431965 4995.00000000049
    vertex 229160.630525846 -77635.3434753287 5000.00000000049
    vertex 229160.630525846 -77635.3434753287 4995.00000000049
  endloop
endfacet
facet normal 0.965925826289064 -0.258819045102536 -6.63251132435886e-16
  outer loop
    vertex 229160.630525846 -77635.3434753287 5000.00000000049
    vertex 229160.694323434 -77635.0227431965 4995.00000000049
    vertex 229160.694323434 -77635.0227431965 5000.00000000049
  endloop
endfacet
facet normal 1.0 8.52651282912169e-17 -1.00399579890421e-15
  outer loop
    vertex 229160.71571128 -77634.696427716 4995.00000000049
    vertex 229160.694323434 -77635.0227431965 5000.00000000049
    vertex 229160.694323434 -77635.0227431965 4995.00000000049
  endloop
endfacet
facet normal 0.991444861373814 -0.130526192220021 -8.40816769694056e-16
  outer loop
    vertex 229160.694323434 -77635.0227431965 5000.00000000049
    vertex 229160.71571128 -77634.696427716 4995.00000000049
    vertex 229160.71571128 -77634.696427716 5000.00000000049
  endloop
endfacet
facet normal 0.499999999999975 0.866025403784453 -1.61558713389263e-30
  outer loop
    vertex 229158.96571128 -77633.3973896103 5000.00000000049
    vertex 229159.128853424 -77633.5063977056 5006.00000000049
    vertex 229159.128853424 -77633.5063977056 5000.00000000049
  endloop
endfacet
facet normal 0.608761429008717 0.793353340291238 -8.07793566946316e-31
  outer loop
    vertex 229159.128853424 -77633.5063977056 5006.00000000049
    vertex 229158.96571128 -77633.3973896103 5000.00000000049
    vertex 229158.96571128 -77633.3973896103 5006.00000000049
  endloop
endfacet
facet normal -8.07793566946316e-31 0.0 1.0
  outer loop
    vertex 229158.603939848 -77636.1453164554 5006.00000000049
    vertex 229158.21571128 -77636.196427716 5006.00000000049
    vertex 229158.411500569 -77636.1835950081 5006.00000000049
  endloop
endfacet
facet normal -8.07793566946316e-31 0.0 1.0
  outer loop
    vertex 229158.21571128 -77636.196427716 5006.00000000049
    vertex 229158.603939848 -77636.1453164554 5006.00000000049
    vertex 229158.789736429 -77636.0822470148 5006.00000000049
  endloop
endfacet
facet normal -8.07793566946316e-31 0.0 1.0
  outer loop
    vertex 229158.21571128 -77636.196427716 5006.00000000049
    vertex 229158.789736429 -77636.0822470148 5006.00000000049
    vertex 229158.019921992 -77636.1835950081 5006.00000000049
  endloop
endfacet
facet normal -8.07793566946316e-31 0.0 1.0
  outer loop
    vertex 229158.019921992 -77636.1835950081 5006.00000000049
    vertex 229158.789736429 -77636.0822470148 5006.00000000049
    vertex 229158.96571128 -77635.9954658217 5006.00000000049
  endloop
endfacet
facet normal -8.07793566946316e-31 0.0 1.0
  outer loop
    vertex 229158.019921992 -77636.1835950081 5006.00000000049
    vertex 229158.96571128 -77635.9954658217 5006.00000000049
    vertex 229157.827482713 -77636.1453164554 5006.00000000049
  endloop
endfacet
facet normal -8.07793566946316e-31 0.0 1.0
  outer loop
    vertex 229157.827482713 -77636.1453164554 5006.00000000049
    vertex 229158.96571128 -77635.9954658217 5006.00000000049
    vertex 229159.128853424 -77635.8864577264 5006.00000000049
  endloop
endfacet
facet normal -8.07793566946316e-31 0.0 1.0
  outer loop
    vertex 229157.827482713 -77636.1453164554 5006.00000000049
    vertex 229159.128853424 -77635.8864577264 5006.00000000049
    vertex 229157.641686132 -77636.0822470148 5006.00000000049
  endloop
endfacet
facet normal -8.07793566946316e-31 0.0 1.0
  outer loop
    vertex 229157.641686132 -77636.0822470148 5006.00000000049
    vertex 229159.128853424 -77635.8864577264 5006.00000000049
    vertex 229159.276371452 -77635.7570878878 5006.00000000049
  endloop
endfacet
facet normal -8.07793566946316e-31 0.0 1.0
  outer loop
    vertex 229157.641686132 -77636.0822470148 5006.00000000049
    vertex 229159.276371452 -77635.7570878878 5006.00000000049
    vertex 229157.46571128 -77635.9954658217 5006.00000000049
  endloop
endfacet
facet normal -8.07793566946316e-31 0.0 1.0
  outer loop
    vertex 229157.46571128 -77635.9954658217 5006.00000000049
    vertex 229159.276371452 -77635.7570878878 5006.00000000049
    vertex 229159.405741291 -77635.6095698595 5006.00000000049
  endloop
endfacet
facet normal -8.07793566946316e-31 0.0 1.0
  outer loop
    vertex 229157.46571128 -77635.9954658217 5006.00000000049
    vertex 229159.405741291 -77635.6095698595 5006.00000000049
    vertex 229157.302569137 -77635.8864577264 5006.00000000049
  endloop
endfacet
facet normal -8.07793566946316e-31 0.0 1.0
  outer loop
    vertex 229157.302569137 -77635.8864577264 5006.00000000049
    vertex 229159.405741291 -77635.6095698595 5006.00000000049
    vertex 229159.514749386 -77635.446427716 5006.00000000049
  endloop
endfacet
facet normal -8.07793566946316e-31 0.0 1.0
  outer loop
    vertex 229157.302569137 -77635.8864577264 5006.00000000049
    vertex 229159.514749386 -77635.446427716 5006.00000000049
    vertex 229157.155051109 -77635.7570878878 5006.00000000049
  endloop
endfacet
facet normal -8.07793566946316e-31 0.0 1.0
  outer loop
    vertex 229157.155051109 -77635.7570878878 5006.00000000049
    vertex 229159.514749386 -77635.446427716 5006.00000000049
    vertex 229159.601530579 -77635.2704528646 5006.00000000049
  endloop
endfacet
facet normal -8.07793566946316e-31 0.0 1.0
  outer loop
    vertex 229157.155051109 -77635.7570878878 5006.00000000049
    vertex 229159.601530579 -77635.2704528646 5006.00000000049
    vertex 229157.02568127 -77635.6095698595 5006.00000000049
  endloop
endfacet
facet normal -8.07793566946316e-31 0.0 1.0
  outer loop
    vertex 229157.02568127 -77635.6095698595 5006.00000000049
    vertex 229159.601530579 -77635.2704528646 5006.00000000049
    vertex 229159.66460002 -77635.0846562836 5006.00000000049
  endloop
endfacet
facet normal -8.07793566946316e-31 0.0 1.0
  outer loop
    vertex 229157.02568127 -77635.6095698595 5006.00000000049
    vertex 229159.66460002 -77635.0846562836 5006.00000000049
    vertex 229156.916673175 -77635.446427716 5006.00000000049
  endloop
endfacet
facet normal -8.07793566946316e-31 0.0 1.0
  outer loop
    vertex 229156.916673175 -77635.446427716 5006.00000000049
    vertex 229159.66460002 -77635.0846562836 5006.00000000049
    vertex 229159.702878572 -77634.8922170043 5006.00000000049
  endloop
endfacet
facet normal -8.07793566946316e-31 0.0 1.0
  outer loop
    vertex 229156.916673175 -77635.446427716 5006.00000000049
    vertex 229159.702878572 -77634.8922170043 5006.00000000049
    vertex 229156.829891982 -77635.2704528646 5006.00000000049
  endloop
endfacet
facet normal -8.07793566946316e-31 0.0 1.0
  outer loop
    vertex 229156.829891982 -77635.2704528646 5006.00000000049
    vertex 229159.702878572 -77634.8922170043 5006.00000000049
    vertex 229159.71571128 -77634.696427716 5006.00000000049
  endloop
endfacet
facet normal -8.07793566946316e-31 0.0 1.0
  outer loop
    vertex 229156.829891982 -77635.2704528646 5006.00000000049
    vertex 229159.71571128 -77634.696427716 5006.00000000049
    vertex 229156.766822541 -77635.0846562836 5006.00000000049
  endloop
endfacet
facet normal -8.07793566946316e-31 0.0 1.0
  outer loop
    vertex 229156.766822541 -77635.0846562836 5006.00000000049
    vertex 229159.71571128 -77634.696427716 5006.00000000049
    vertex 229159.702878572 -77634.5006384277 5006.00000000049
  endloop
endfacet
facet normal -8.07793566946316e-31 0.0 1.0
  outer loop
    vertex 229156.766822541 -77635.0846562836 5006.00000000049
    vertex 229159.702878572 -77634.5006384277 5006.00000000049
    vertex 229156.728543988 -77634.8922170043 5006.00000000049
  endloop
endfacet
facet normal -8.07793566946316e-31 0.0 1.0
  outer loop
    vertex 229156.728543988 -77634.8922170043 5006.00000000049
    vertex 229159.702878572 -77634.5006384277 5006.00000000049
    vertex 229159.66460002 -77634.3081991483 5006.00000000049
  endloop
endfacet
facet normal -8.07793566946316e-31 0.0 1.0
  outer loop
    vertex 229156.728543988 -77634.8922170043 5006.00000000049
    vertex 229159.66460002 -77634.3081991483 5006.00000000049
    vertex 229156.71571128 -77634.696427716 5006.00000000049
  endloop
endfacet
facet normal -8.07793566946316e-31 0.0 1.0
  outer loop
    vertex 229156.71571128 -77634.696427716 5006.00000000049
    vertex 229159.66460002 -77634.3081991483 5006.00000000049
    vertex 229159.601530579 -77634.1224025674 5006.00000000049
  endloop
endfacet
facet normal -8.07793566946316e-31 0.0 1.0
  outer loop
    vertex 229156.71571128 -77634.696427716 5006.00000000049
    vertex 229159.601530579 -77634.1224025674 5006.00000000049
    vertex 229156.728543988 -77634.5006384277 5006.00000000049
  endloop
endfacet
facet normal -8.07793566946316e-31 0.0 1.0
  outer loop
    vertex 229156.728543988 -77634.5006384277 5006.00000000049
    vertex 229159.601530579 -77634.1224025674 5006.00000000049
    vertex 229159.514749386 -77633.946427716 5006.00000000049
  endloop
endfacet
facet normal -8.07793566946316e-31 0.0 1.0
  outer loop
    vertex 229156.728543988 -77634.5006384277 5006.00000000049
    vertex 229159.514749386 -77633.946427716 5006.00000000049
    vertex 229156.766822541 -77634.3081991483 5006.00000000049
  endloop
endfacet
facet normal -8.07793566946316e-31 0.0 1.0
  outer loop
    vertex 229156.766822541 -77634.3081991483 5006.00000000049
    vertex 229159.514749386 -77633.946427716 5006.00000000049
    vertex 229159.405741291 -77633.7832855725 5006.00000000049
  endloop
endfacet
facet normal -8.07793566946316e-31 0.0 1.0
  outer loop
    vertex 229156.766822541 -77634.3081991483 5006.00000000049
    vertex 229159.405741291 -77633.7832855725 5006.00000000049
    vertex 229156.829891982 -77634.1224025674 5006.00000000049
  endloop
endfacet
facet normal -8.07793566946316e-31 0.0 1.0
  outer loop
    vertex 229156.829891982 -77634.1224025674 5006.00000000049
    vertex 229159.405741291 -77633.7832855725 5006.00000000049
    vertex 229159.276371452 -77633.6357675442 5006.00000000049
  endloop
endfacet
facet normal -8.07793566946316e-31 0.0 1.0
  outer loop
    vertex 229156.829891982 -77634.1224025674 5006.00000000049
    vertex 229159.276371452 -77633.6357675442 5006.00000000049
    vertex 229156.916673175 -77633.946427716 5006.00000000049
  endloop
endfacet
facet normal -8.07793566946316e-31 0.0 1.0
  outer loop
    vertex 229156.916673175 -77633.946427716 5006.00000000049
    vertex 229159.276371452 -77633.6357675442 5006.00000000049
    vertex 229159.128853424 -77633.5063977056 5006.00000000049
  endloop
endfacet
facet normal -8.07793566946316e-31 0.0 1.0
  outer loop
    vertex 229156.916673175 -77633.946427716 5006.00000000049
    vertex 229159.128853424 -77633.5063977056 5006.00000000049
    vertex 229157.02568127 -77633.7832855725 5006.00000000049
  endloop
endfacet
facet normal -8.07793566946316e-31 0.0 1.0
  outer loop
    vertex 229157.02568127 -77633.7832855725 5006.00000000049
    vertex 229159.128853424 -77633.5063977056 5006.00000000049
    vertex 229158.96571128 -77633.3973896103 5006.00000000049
  endloop
endfacet
facet normal -8.07793566946316e-31 0.0 1.0
  outer loop
    vertex 229157.02568127 -77633.7832855725 5006.00000000049
    vertex 229158.96571128 -77633.3973896103 5006.00000000049
    vertex 229157.155051109 -77633.6357675442 5006.00000000049
  endloop
endfacet
facet normal -8.07793566946316e-31 0.0 1.0
  outer loop
    vertex 229157.155051109 -77633.6357675442 5006.00000000049
    vertex 229158.96571128 -77633.3973896103 5006.00000000049
    vertex 229158.789736429 -77633.3106084172 5006.00000000049
  endloop
endfacet
facet normal -8.07793566946316e-31 0.0 1.0
  outer loop
    vertex 229157.155051109 -77633.6357675442 5006.00000000049
    vertex 229158.789736429 -77633.3106084172 5006.00000000049
    vertex 229157.302569137 -77633.5063977056 5006.00000000049
  endloop
endfacet
facet normal -8.07793566946316e-31 0.0 1.0
  outer loop
    vertex 229157.302569137 -77633.5063977056 5006.00000000049
    vertex 229158.789736429 -77633.3106084172 5006.00000000049
    vertex 229158.603939848 -77633.2475389766 5006.00000000049
  endloop
endfacet
facet normal -8.07793566946316e-31 0.0 1.0
  outer loop
    vertex 229157.302569137 -77633.5063977056 5006.00000000049
    vertex 229158.603939848 -77633.2475389766 5006.00000000049
    vertex 229157.46571128 -77633.3973896103 5006.00000000049
  endloop
endfacet
facet normal -8.07793566946316e-31 0.0 1.0
  outer loop
    vertex 229157.46571128 -77633.3973896103 5006.00000000049
    vertex 229158.603939848 -77633.2475389766 5006.00000000049
    vertex 229158.411500569 -77633.2092604239 5006.00000000049
  endloop
endfacet
facet normal -8.07793566946316e-31 0.0 1.0
  outer loop
    vertex 229157.46571128 -77633.3973896103 5006.00000000049
    vertex 229158.411500569 -77633.2092604239 5006.00000000049
    vertex 229157.641686132 -77633.3106084172 5006.00000000049
  endloop
endfacet
facet normal -8.07793566946316e-31 0.0 1.0
  outer loop
    vertex 229157.641686132 -77633.3106084172 5006.00000000049
    vertex 229158.411500569 -77633.2092604239 5006.00000000049
    vertex 229158.21571128 -77633.196427716 5006.00000000049
  endloop
endfacet
facet normal -8.07793566946316e-31 0.0 1.0
  outer loop
    vertex 229157.641686132 -77633.3106084172 5006.00000000049
    vertex 229158.21571128 -77633.196427716 5006.00000000049
    vertex 229157.827482713 -77633.2475389766 5006.00000000049
  endloop
endfacet
facet normal -8.07793566946316e-31 0.0 1.0
  outer loop
    vertex 229157.827482713 -77633.2475389766 5006.00000000049
    vertex 229158.21571128 -77633.196427716 5006.00000000049
    vertex 229158.019921992 -77633.2092604239 5006.00000000049
  endloop
endfacet
facet normal -0.499999999999996 -0.866025403784441 8.07793566946316e-31
  outer loop
    vertex 229192.82105034 -77883.482839237 5006.00000000049
    vertex 229192.997025191 -77883.56962043 5000.00000000049
    vertex 229192.997025191 -77883.56962043 5006.00000000049
  endloop
endfacet
facet normal -0.382683432365091 -0.923879532511286 8.07793566946316e-31
  outer loop
    vertex 229192.997025191 -77883.56962043 5000.00000000049
    vertex 229192.82105034 -77883.482839237 5006.00000000049
    vertex 229192.82105034 -77883.482839237 5000.00000000049
  endloop
endfacet
facet normal -0.382683432365091 -0.923879532511286 8.07793566946316e-31
  outer loop
    vertex 229192.997025191 -77883.56962043 5006.00000000049
    vertex 229193.182821772 -77883.6326898707 5000.00000000049
    vertex 229193.182821772 -77883.6326898707 5006.00000000049
  endloop
endfacet
facet normal -0.25881904510257 -0.965925826289055 4.03896783473158e-31
  outer loop
    vertex 229193.182821772 -77883.6326898707 5000.00000000049
    vertex 229192.997025191 -77883.56962043 5006.00000000049
    vertex 229192.997025191 -77883.56962043 5000.00000000049
  endloop
endfacet
facet normal -0.25881904510257 -0.965925826289055 1.21169035041947e-30
  outer loop
    vertex 229193.182821772 -77883.6326898707 5006.00000000049
    vertex 229193.375261051 -77883.6709684233 5000.00000000049
    vertex 229193.375261051 -77883.6709684233 5006.00000000049
  endloop
endfacet
facet normal -0.130526192220004 -0.991444861373817 0.0
  outer loop
    vertex 229193.375261051 -77883.6709684233 5000.00000000049
    vertex 229193.182821772 -77883.6326898707 5006.00000000049
    vertex 229193.182821772 -77883.6326898707 5000.00000000049
  endloop
endfacet
facet normal -0.608761429008722 -0.793353340291234 0.0
  outer loop
    vertex 229192.657908196 -77883.3738311417 5000.00000000049
    vertex 229192.510390168 -77883.2444613031 5006.00000000049
    vertex 229192.510390168 -77883.2444613031 5000.00000000049
  endloop
endfacet
facet normal -0.707106781186547 -0.707106781186548 8.07793566946316e-31
  outer loop
    vertex 229192.510390168 -77883.2444613031 5006.00000000049
    vertex 229192.657908196 -77883.3738311417 5000.00000000049
    vertex 229192.657908196 -77883.3738311417 5006.00000000049
  endloop
endfacet
facet normal -0.608761429008721 -0.793353340291235 0.0
  outer loop
    vertex 229192.657908196 -77883.3738311417 5006.00000000049
    vertex 229192.82105034 -77883.482839237 5000.00000000049
    vertex 229192.82105034 -77883.482839237 5006.00000000049
  endloop
endfacet
facet normal -0.499999999999996 -0.866025403784441 8.07793566946316e-31
  outer loop
    vertex 229192.82105034 -77883.482839237 5000.00000000049
    vertex 229192.657908196 -77883.3738311417 5006.00000000049
    vertex 229192.657908196 -77883.3738311417 5000.00000000049
  endloop
endfacet
facet normal -0.499999999999997 0.86602540378444 6.05845175209737e-31
  outer loop
    vertex 229192.82105034 -77880.8847630256 5000.00000000049
    vertex 229192.657908196 -77880.9937711208 5006.00000000049
    vertex 229192.82105034 -77880.8847630256 5006.00000000049
  endloop
endfacet
facet normal -0.608761429008721 0.793353340291235 6.05845175209737e-31
  outer loop
    vertex 229192.657908196 -77880.9937711208 5006.00000000049
    vertex 229192.82105034 -77880.8847630256 5000.00000000049
    vertex 229192.657908196 -77880.9937711208 5000.00000000049
  endloop
endfacet
facet normal -0.608761429008722 0.793353340291234 1.0097419586829e-30
  outer loop
    vertex 229192.657908196 -77880.9937711208 5000.00000000049
    vertex 229192.510390168 -77881.1231409595 5006.00000000049
    vertex 229192.657908196 -77880.9937711208 5006.00000000049
  endloop
endfacet
facet normal -0.707106781186547 0.707106781186548 0.0
  outer loop
    vertex 229192.510390168 -77881.1231409595 5006.00000000049
    vertex 229192.657908196 -77880.9937711208 5000.00000000049
    vertex 229192.510390168 -77881.1231409595 5000.00000000049
  endloop
endfacet
facet normal -0.793353340291234 0.608761429008722 2.01948391736579e-31
  outer loop
    vertex 229192.381020329 -77881.2706589878 5000.00000000049
    vertex 229192.510390168 -77881.1231409595 5006.00000000049
    vertex 229192.510390168 -77881.1231409595 5000.00000000049
  endloop
endfacet
facet normal -0.707106781186547 0.707106781186548 0.0
  outer loop
    vertex 229192.510390168 -77881.1231409595 5006.00000000049
    vertex 229192.381020329 -77881.2706589878 5000.00000000049
    vertex 229192.381020329 -77881.2706589878 5006.00000000049
  endloop
endfacet
facet normal -0.866025403784441 0.499999999999996 4.03896783473158e-31
  outer loop
    vertex 229192.272012234 -77881.4338011313 5006.00000000049
    vertex 229192.381020329 -77881.2706589878 5000.00000000049
    vertex 229192.272012234 -77881.4338011313 5000.00000000049
  endloop
endfacet
facet normal -0.793353340291234 0.608761429008722 2.01948391736579e-31
  outer loop
    vertex 229192.381020329 -77881.2706589878 5000.00000000049
    vertex 229192.272012234 -77881.4338011313 5006.00000000049
    vertex 229192.381020329 -77881.2706589878 5006.00000000049
  endloop
endfacet
facet normal -0.923879532511286 0.382683432365092 8.07793566946316e-31
  outer loop
    vertex 229192.185231041 -77881.6097759827 5006.00000000049
    vertex 229192.272012234 -77881.4338011313 5000.00000000049
    vertex 229192.185231041 -77881.6097759827 5000.00000000049
  endloop
endfacet
facet normal -0.866025403784441 0.499999999999996 0.0
  outer loop
    vertex 229192.272012234 -77881.4338011313 5000.00000000049
    vertex 229192.185231041 -77881.6097759827 5006.00000000049
    vertex 229192.272012234 -77881.4338011313 5006.00000000049
  endloop
endfacet
facet normal -0.965925826289055 0.25881904510257 8.07793566946316e-31
  outer loop
    vertex 229192.1221616 -77881.7955725636 5006.00000000049
    vertex 229192.185231041 -77881.6097759827 5000.00000000049
    vertex 229192.1221616 -77881.7955725636 5000.00000000049
  endloop
endfacet
facet normal -0.923879532511286 0.382683432365091 8.07793566946316e-31
  outer loop
    vertex 229192.185231041 -77881.6097759827 5000.00000000049
    vertex 229192.1221616 -77881.7955725636 5006.00000000049
    vertex 229192.185231041 -77881.6097759827 5006.00000000049
  endloop
endfacet
facet normal -0.991444861373817 0.130526192220003 1.21169035041947e-30
  outer loop
    vertex 229192.083883048 -77881.988011843 5006.00000000049
    vertex 229192.1221616 -77881.7955725636 5000.00000000049
    vertex 229192.083883048 -77881.988011843 5000.00000000049
  endloop
endfacet
facet normal -0.965925826289055 0.258819045102569 1.21169035041947e-30
  outer loop
    vertex 229192.1221616 -77881.7955725636 5000.00000000049
    vertex 229192.083883048 -77881.988011843 5006.00000000049
    vertex 229192.1221616 -77881.7955725636 5006.00000000049
  endloop
endfacet
facet normal -1.0 1.42108547152013e-16 1.61558713389263e-30
  outer loop
    vertex 229192.07105034 -77882.1838011313 5006.00000000049
    vertex 229192.083883048 -77881.988011843 5000.00000000049
    vertex 229192.07105034 -77882.1838011313 5000.00000000049
  endloop
endfacet
facet normal -0.991444861373817 0.130526192220003 4.03896783473158e-31
  outer loop
    vertex 229192.083883048 -77881.988011843 5000.00000000049
    vertex 229192.07105034 -77882.1838011313 5006.00000000049
    vertex 229192.083883048 -77881.988011843 5006.00000000049
  endloop
endfacet
facet normal -0.991444861373817 -0.130526192220003 8.07793566946316e-31
  outer loop
    vertex 229192.083883048 -77882.3795904196 5006.00000000049
    vertex 229192.07105034 -77882.1838011313 5000.00000000049
    vertex 229192.083883048 -77882.3795904196 5000.00000000049
  endloop
endfacet
facet normal -1.0 -8.52651282912188e-17 1.61558713389263e-30
  outer loop
    vertex 229192.07105034 -77882.1838011313 5000.00000000049
    vertex 229192.083883048 -77882.3795904196 5006.00000000049
    vertex 229192.07105034 -77882.1838011313 5006.00000000049
  endloop
endfacet
facet normal -0.965925826289055 -0.25881904510257 0.0
  outer loop
    vertex 229192.1221616 -77882.5720296989 5006.00000000049
    vertex 229192.083883048 -77882.3795904196 5000.00000000049
    vertex 229192.1221616 -77882.5720296989 5000.00000000049
  endloop
endfacet
facet normal -0.991444861373817 -0.130526192220003 8.07793566946316e-31
  outer loop
    vertex 229192.083883048 -77882.3795904196 5000.00000000049
    vertex 229192.1221616 -77882.5720296989 5006.00000000049
    vertex 229192.083883048 -77882.3795904196 5006.00000000049
  endloop
endfacet
facet normal -0.923879532511286 -0.382683432365091 8.07793566946316e-31
  outer loop
    vertex 229192.185231041 -77882.7578262798 5006.00000000049
    vertex 229192.1221616 -77882.5720296989 5000.00000000049
    vertex 229192.185231041 -77882.7578262798 5000.00000000049
  endloop
endfacet
facet normal -0.965925826289055 -0.25881904510257 0.0
  outer loop
    vertex 229192.1221616 -77882.5720296989 5000.00000000049
    vertex 229192.185231041 -77882.7578262798 5006.00000000049
    vertex 229192.1221616 -77882.5720296989 5006.00000000049
  endloop
endfacet
facet normal -0.866025403784441 -0.499999999999996 -8.07793566946316e-31
  outer loop
    vertex 229192.272012234 -77882.9338011313 5006.00000000049
    vertex 229192.185231041 -77882.7578262798 5000.00000000049
    vertex 229192.272012234 -77882.9338011313 5000.00000000049
  endloop
endfacet
facet normal -0.923879532511286 -0.382683432365091 8.07793566946316e-31
  outer loop
    vertex 229192.185231041 -77882.7578262798 5000.00000000049
    vertex 229192.272012234 -77882.9338011313 5006.00000000049
    vertex 229192.185231041 -77882.7578262798 5006.00000000049
  endloop
endfacet
facet normal -0.793353340291234 -0.608761429008722 -8.07793566946316e-31
  outer loop
    vertex 229192.381020329 -77883.0969432748 5006.00000000049
    vertex 229192.272012234 -77882.9338011313 5000.00000000049
    vertex 229192.381020329 -77883.0969432748 5000.00000000049
  endloop
endfacet
facet normal -0.866025403784441 -0.499999999999996 -8.07793566946316e-31
  outer loop
    vertex 229192.272012234 -77882.9338011313 5000.00000000049
    vertex 229192.381020329 -77883.0969432748 5006.00000000049
    vertex 229192.272012234 -77882.9338011313 5006.00000000049
  endloop
endfacet
facet normal -0.707106781186547 -0.707106781186548 8.07793566946316e-31
  outer loop
    vertex 229192.510390168 -77883.2444613031 5006.00000000049
    vertex 229192.381020329 -77883.0969432748 5000.00000000049
    vertex 229192.510390168 -77883.2444613031 5000.00000000049
  endloop
endfacet
facet normal -0.793353340291234 -0.608761429008722 -8.07793566946316e-31
  outer loop
    vertex 229192.381020329 -77883.0969432748 5000.00000000049
    vertex 229192.510390168 -77883.2444613031 5006.00000000049
    vertex 229192.381020329 -77883.0969432748 5006.00000000049
  endloop
endfacet
facet normal -0.130526192220002 -0.991444861373817 4.03896783473158e-31
  outer loop
    vertex 229193.375261051 -77883.6709684233 5006.00000000049
    vertex 229193.57105034 -77883.6838011313 5000.00000000049
    vertex 229193.57105034 -77883.6838011313 5006.00000000049
  endloop
endfacet
facet normal -1.42108547152027e-16 -1.0 0.0
  outer loop
    vertex 229193.57105034 -77883.6838011313 5000.00000000049
    vertex 229193.375261051 -77883.6709684233 5006.00000000049
    vertex 229193.375261051 -77883.6709684233 5000.00000000049
  endloop
endfacet
facet normal 1.42108547152013e-16 -1.0 0.0
  outer loop
    vertex 229193.57105034 -77883.6838011313 5006.00000000049
    vertex 229193.766839628 -77883.6709684233 5000.00000000049
    vertex 229193.766839628 -77883.6709684233 5006.00000000049
  endloop
endfacet
facet normal 0.130526192220002 -0.991444861373817 0.0
  outer loop
    vertex 229193.766839628 -77883.6709684233 5000.00000000049
    vertex 229193.57105034 -77883.6838011313 5006.00000000049
    vertex 229193.57105034 -77883.6838011313 5000.00000000049
  endloop
endfacet
facet normal 0.608761429008722 0.793353340291234 -8.07793566946316e-31
  outer loop
    vertex 229194.484192483 -77880.9937711208 5006.00000000049
    vertex 229194.631710511 -77881.1231409595 5000.00000000049
    vertex 229194.484192483 -77880.9937711208 5000.00000000049
  endloop
endfacet
facet normal 0.707106781186548 0.707106781186547 -1.61558713389263e-30
  outer loop
    vertex 229194.631710511 -77881.1231409595 5000.00000000049
    vertex 229194.484192483 -77880.9937711208 5006.00000000049
    vertex 229194.631710511 -77881.1231409595 5006.00000000049
  endloop
endfacet
facet normal -0.608761429008681 -0.793353340291265 4.51244289126798e-16
  outer loop
    vertex 229192.049146767 -77884.167184482 5000.00000000049
    vertex 229192.32105034 -77884.3488646407 4995.00000000049
    vertex 229192.32105034 -77884.3488646407 5000.00000000049
  endloop
endfacet
facet normal -0.49999999999997 -0.866025403784456 9.37983307248403e-16
  outer loop
    vertex 229192.32105034 -77884.3488646407 4995.00000000049
    vertex 229192.049146767 -77884.167184482 5000.00000000049
    vertex 229192.049146767 -77884.167184482 4995.00000000049
  endloop
endfacet
facet normal -0.608761429008681 -0.793353340291265 4.51244289126797e-16
  outer loop
    vertex 229192.049146767 -77884.167184482 4995.00000000049
    vertex 229191.803283387 -77883.9515680843 5000.00000000049
    vertex 229191.803283387 -77883.9515680843 4995.00000000049
  endloop
endfacet
facet normal -0.659345815100051 -0.751839807478993 1.61558713389263e-30
  outer loop
    vertex 229191.803283387 -77883.9515680843 5000.00000000049
    vertex 229192.049146767 -77884.167184482 4995.00000000049
    vertex 229192.049146767 -77884.167184482 5000.00000000049
  endloop
endfacet
facet normal -0.866025403784435 -0.500000000000006 -3.34713881217856e-16
  outer loop
    vertex 229049.984630593 -77742.012444894 4995.00000000049
    vertex 229049.839995271 -77741.7191534749 5000.00000000049
    vertex 229049.839995271 -77741.7191534749 4995.00000000049
  endloop
endfacet
facet normal -0.923879532511301 -0.382683432365056 -5.14384730198003e-16
  outer loop
    vertex 229049.839995271 -77741.7191534749 5000.00000000049
    vertex 229049.984630593 -77742.012444894 4995.00000000049
    vertex 229049.984630593 -77742.012444894 5000.00000000049
  endloop
endfacet
facet normal -0.79335334029121 -0.608761429008753 -1.21391335234557e-16
  outer loop
    vertex 229050.166310752 -77742.2843484665 4995.00000000049
    vertex 229049.984630593 -77742.012444894 5000.00000000049
    vertex 229049.984630593 -77742.012444894 4995.00000000049
  endloop
endfacet
facet normal -0.866025403784435 -0.500000000000006 -3.34713881217855e-16
  outer loop
    vertex 229049.984630593 -77742.012444894 5000.00000000049
    vertex 229050.166310752 -77742.2843484665 4995.00000000049
    vertex 229050.166310752 -77742.2843484665 5000.00000000049
  endloop
endfacet
facet normal -0.923879532511277 0.382683432365112 -1.31322599560674e-15
  outer loop
    vertex 229049.839995271 -77739.8057363131 5000.00000000049
    vertex 229049.984630593 -77739.512444894 4995.00000000049
    vertex 229049.839995271 -77739.8057363131 4995.00000000049
  endloop
endfacet
facet normal -0.86602540378444 0.499999999999997 -1.37845029341594e-15
  outer loop
    vertex 229049.984630593 -77739.512444894 4995.00000000049
    vertex 229049.839995271 -77739.8057363131 5000.00000000049
    vertex 229049.984630593 -77739.512444894 5000.00000000049
  endloop
endfacet
facet normal -0.965925826289064 0.258819045102537 -1.22553203691765e-15
  outer loop
    vertex 229049.734879537 -77740.1153972812 5000.00000000049
    vertex 229049.839995271 -77739.8057363131 4995.00000000049
    vertex 229049.734879537 -77740.1153972812 4995.00000000049
  endloop
endfacet
facet normal -0.923879532511278 0.382683432365112 -1.31322599560674e-15
  outer loop
    vertex 229049.839995271 -77739.8057363131 4995.00000000049
    vertex 229049.734879537 -77740.1153972812 5000.00000000049
    vertex 229049.839995271 -77739.8057363131 5000.00000000049
  endloop
endfacet
facet normal -0.130526192220047 0.991444861373811 8.40816769694069e-16
  outer loop
    vertex 229157.8893958 -77632.2178155626 4995.00000000049
    vertex 229158.21571128 -77632.196427716 5000.00000000049
    vertex 229158.21571128 -77632.196427716 4995.00000000049
  endloop
endfacet
facet normal 9.00968188943808e-15 1.0 1.00399579890427e-15
  outer loop
    vertex 229158.21571128 -77632.196427716 5000.00000000049
    vertex 229157.8893958 -77632.2178155626 4995.00000000049
    vertex 229157.8893958 -77632.2178155626 5000.00000000049
  endloop
endfacet
facet normal -0.659345815100081 0.751839807478967 4.32333609559709e-16
  outer loop
    vertex 229156.447944327 -77632.928660763 4995.00000000049
    vertex 229156.693807708 -77632.7130443653 5000.00000000049
    vertex 229156.693807708 -77632.7130443653 4995.00000000049
  endloop
endfacet
facet normal -0.608761429008722 0.793353340291234 3.05219348997722e-16
  outer loop
    vertex 229156.693807708 -77632.7130443653 5000.00000000049
    vertex 229156.447944327 -77632.928660763 4995.00000000049
    vertex 229156.447944327 -77632.928660763 5000.00000000049
  endloop
endfacet
facet normal 0.923879532511286 -0.382683432365091 -4.03896783473158e-31
  outer loop
    vertex 229194.956869638 -77882.7578262798 5000.00000000049
    vertex 229194.870088445 -77882.9338011313 5006.00000000049
    vertex 229194.870088445 -77882.9338011313 5000.00000000049
  endloop
endfacet
facet normal 0.866025403784441 -0.499999999999996 -1.21169035041947e-30
  outer loop
    vertex 229194.870088445 -77882.9338011313 5006.00000000049
    vertex 229194.956869638 -77882.7578262798 5000.00000000049
    vertex 229194.956869638 -77882.7578262798 5006.00000000049
  endloop
endfacet
facet normal 2.37354607493676e-15 1.51692653933806e-15 1.0
  outer loop
    vertex 229159.983478233 -77636.464194669 4996.00000000049
    vertex 229192.975397901 -77878.0526147866 4996.00000000049
    vertex 229195.338817293 -77880.4160341783 4996.00000000049
  endloop
endfacet
facet normal 2.37354607493676e-15 1.51692653933806e-15 1.0
  outer loop
    vertex 229192.975397901 -77878.0526147866 4996.00000000049
    vertex 229159.983478233 -77636.464194669 4996.00000000049
    vertex 229180.814945553 -77794.1454935863 4996.00000000049
  endloop
endfacet
facet normal 2.37354607493676e-15 1.51692653933806e-15 1.0
  outer loop
    vertex 229180.814945553 -77794.1454935863 4996.00000000049
    vertex 229159.983478233 -77636.464194669 4996.00000000049
    vertex 229180.528087408 -77792.1661723883 4996.00000000049
  endloop
endfacet
facet normal 2.37354607493676e-15 1.51692653933806e-15 1.0
  outer loop
    vertex 229180.814945553 -77794.1454935863 4996.00000000049
    vertex 229180.528087408 -77792.1661723883 4996.00000000049
    vertex 229165.02859072 -77796.4333710983 4996.00000000049
  endloop
endfacet
facet normal 2.37354607493676e-15 1.51692653933806e-15 1.0
  outer loop
    vertex 229165.02859072 -77796.4333710983 4996.00000000049
    vertex 229180.528087408 -77792.1661723883 4996.00000000049
    vertex 229147.262914689 -77799.008106755 4996.00000000049
  endloop
endfacet
facet normal 2.37354607493676e-15 1.51692653933806e-15 1.0
  outer loop
    vertex 229147.262914689 -77799.008106755 4996.00000000049
    vertex 229180.528087408 -77792.1661723883 4996.00000000049
    vertex 229145.283593491 -77799.2949648996 4996.00000000049
  endloop
endfacet
facet normal 2.37354607493676e-15 1.51692653933806e-15 1.0
  outer loop
    vertex 229145.283593491 -77799.2949648996 4996.00000000049
    vertex 229180.528087408 -77792.1661723883 4996.00000000049
    vertex 229129.497238658 -77801.5828424116 4996.00000000049
  endloop
endfacet
facet normal 2.37354607493676e-15 1.51692653933806e-15 1.0
  outer loop
    vertex 229129.497238658 -77801.5828424116 4996.00000000049
    vertex 229180.528087408 -77792.1661723883 4996.00000000049
    vertex 229127.51791746 -77801.8697005563 4996.00000000049
  endloop
endfacet
facet normal 2.37354607493676e-15 1.51692653933806e-15 1.0
  outer loop
    vertex 229127.51791746 -77801.8697005563 4996.00000000049
    vertex 229180.528087408 -77792.1661723883 4996.00000000049
    vertex 229118.150133517 -77803.2273504031 4996.00000000049
  endloop
endfacet
facet normal 2.37354607493676e-15 1.51692653933806e-15 1.0
  outer loop
    vertex 229118.150133517 -77803.2273504031 4996.00000000049
    vertex 229180.528087408 -77792.1661723883 4996.00000000049
    vertex 229144.996735347 -77797.3156437016 4996.00000000049
  endloop
endfacet
facet normal 2.37354607493676e-15 1.51692653933806e-15 1.0
  outer loop
    vertex 229144.996735347 -77797.3156437016 4996.00000000049
    vertex 229180.528087408 -77792.1661723883 4996.00000000049
    vertex 229146.976056545 -77797.028785557 4996.00000000049
  endloop
endfacet
facet normal 2.37354607493676e-15 1.51692653933806e-15 1.0
  outer loop
    vertex 229180.528087408 -77792.1661723883 4996.00000000049
    vertex 229159.983478233 -77636.464194669 4996.00000000049
    vertex 229171.623267228 -77730.7229131448 4996.00000000049
  endloop
endfacet
facet normal 2.37354607493676e-15 1.51692653933806e-15 1.0
  outer loop
    vertex 229171.623267228 -77730.7229131448 4996.00000000049
    vertex 229159.983478233 -77636.464194669 4996.00000000049
    vertex 229171.336409084 -77728.7435919468 4996.00000000049
  endloop
endfacet
facet normal 2.37354607493676e-15 1.51692653933806e-15 1.0
  outer loop
    vertex 229171.623267228 -77730.7229131448 4996.00000000049
    vertex 229171.336409084 -77728.7435919468 4996.00000000049
    vertex 229155.836912395 -77733.0107906568 4996.00000000049
  endloop
endfacet
facet normal 2.37354607493676e-15 1.51692653933806e-15 1.0
  outer loop
    vertex 229155.836912395 -77733.0107906568 4996.00000000049
    vertex 229171.336409084 -77728.7435919468 4996.00000000049
    vertex 229138.071236364 -77735.5855263135 4996.00000000049
  endloop
endfacet
facet normal 2.37354607493676e-15 1.51692653933806e-15 1.0
  outer loop
    vertex 229171.336409084 -77728.7435919468 4996.00000000049
    vertex 229159.983478233 -77636.464194669 4996.00000000049
    vertex 229158.218392865 -77638.2292800374 4996.00000000049
  endloop
endfacet
facet normal 2.37354607493676e-15 1.51692653933806e-15 1.0
  outer loop
    vertex 229102.253026158 -77738.7556764288 4996.00000000049
    vertex 229100.27370496 -77739.0425345734 4996.00000000049
    vertex 229082.508028929 -77741.6172702301 4996.00000000049
  endloop
endfacet
facet normal 2.37354607493676e-15 1.51692653933806e-15 1.0
  outer loop
    vertex 229100.27370496 -77739.0425345734 4996.00000000049
    vertex 229102.253026158 -77738.7556764288 4996.00000000049
    vertex 229096.612389489 -77699.8352834133 4996.00000000049
  endloop
endfacet
facet normal 2.37354607493676e-15 1.51692653933806e-15 1.0
  outer loop
    vertex 229100.27370496 -77739.0425345734 4996.00000000049
    vertex 229096.612389489 -77699.8352834133 4996.00000000049
    vertex 229094.847304121 -77701.6003687817 4996.00000000049
  endloop
endfacet
facet normal 2.37354607493676e-15 1.51692653933806e-15 1.0
  outer loop
    vertex 229155.550054251 -77731.0314694588 4996.00000000049
    vertex 229153.570733053 -77731.3183276035 4996.00000000049
    vertex 229135.805057022 -77733.8930632601 4996.00000000049
  endloop
endfacet
facet normal 2.37354607493676e-15 1.51692653933806e-15 1.0
  outer loop
    vertex 229153.570733053 -77731.3183276035 4996.00000000049
    vertex 229155.550054251 -77731.0314694588 4996.00000000049
    vertex 229144.140706047 -77652.306966855 4996.00000000049
  endloop
endfacet
facet normal 2.37354607493676e-15 1.51692653933806e-15 1.0
  outer loop
    vertex 229153.570733053 -77731.3183276035 4996.00000000049
    vertex 229144.140706047 -77652.306966855 4996.00000000049
    vertex 229142.375620679 -77654.0720522235 4996.00000000049
  endloop
endfacet
facet normal 2.37354607493676e-15 1.51692653933806e-15 1.0
  outer loop
    vertex 229135.805057022 -77733.8930632601 4996.00000000049
    vertex 229137.78437822 -77733.6062051155 4996.00000000049
    vertex 229126.532848493 -77669.9148244096 4996.00000000049
  endloop
endfacet
facet normal 2.37354607493676e-15 1.51692653933806e-15 1.0
  outer loop
    vertex 229137.78437822 -77733.6062051155 4996.00000000049
    vertex 229135.805057022 -77733.8930632601 4996.00000000049
    vertex 229153.570733053 -77731.3183276035 4996.00000000049
  endloop
endfacet
facet normal 2.37354607493676e-15 1.51692653933806e-15 1.0
  outer loop
    vertex 229126.532848493 -77669.9148244096 4996.00000000049
    vertex 229137.78437822 -77733.6062051155 4996.00000000049
    vertex 229128.297933861 -77668.1497390411 4996.00000000049
  endloop
endfacet
facet normal 2.37354607493676e-15 1.51692653933806e-15 1.0
  outer loop
    vertex 229082.508028929 -77741.6172702301 4996.00000000049
    vertex 229084.487350127 -77741.3304120855 4996.00000000049
    vertex 229079.004531934 -77717.4431409678 4996.00000000049
  endloop
endfacet
facet normal 2.37354607493676e-15 1.51692653933806e-15 1.0
  outer loop
    vertex 229084.487350127 -77741.3304120855 4996.00000000049
    vertex 229082.508028929 -77741.6172702301 4996.00000000049
    vertex 229100.27370496 -77739.0425345734 4996.00000000049
  endloop
endfacet
facet normal 2.37354607493676e-15 1.51692653933806e-15 1.0
  outer loop
    vertex 229079.004531934 -77717.4431409678 4996.00000000049
    vertex 229084.487350127 -77741.3304120855 4996.00000000049
    vertex 229080.769617303 -77715.6780555994 4996.00000000049
  endloop
endfacet
facet normal 2.37354607493676e-15 1.51692653933806e-15 1.0
  outer loop
    vertex 229146.976056545 -77797.028785557 4996.00000000049
    vertex 229136.091915166 -77735.8723844581 4996.00000000049
    vertex 229144.996735347 -77797.3156437016 4996.00000000049
  endloop
endfacet
facet normal 2.37354607493676e-15 1.51692653933806e-15 1.0
  outer loop
    vertex 229136.091915166 -77735.8723844581 4996.00000000049
    vertex 229146.976056545 -77797.028785557 4996.00000000049
    vertex 229138.071236364 -77735.5855263135 4996.00000000049
  endloop
endfacet
facet normal 2.37354607493676e-15 1.51692653933806e-15 1.0
  outer loop
    vertex 229136.091915166 -77735.8723844581 4996.00000000049
    vertex 229138.071236364 -77735.5855263135 4996.00000000049
    vertex 229120.305560333 -77738.1602619701 4996.00000000049
  endloop
endfacet
facet normal 2.37354607493676e-15 1.51692653933806e-15 1.0
  outer loop
    vertex 229120.305560333 -77738.1602619701 4996.00000000049
    vertex 229138.071236364 -77735.5855263135 4996.00000000049
    vertex 229120.018702189 -77736.1809407721 4996.00000000049
  endloop
endfacet
facet normal 2.37354607493676e-15 1.51692653933806e-15 1.0
  outer loop
    vertex 229120.018702189 -77736.1809407721 4996.00000000049
    vertex 229138.071236364 -77735.5855263135 4996.00000000049
    vertex 229135.805057022 -77733.8930632601 4996.00000000049
  endloop
endfacet
facet normal 2.37354607493676e-15 1.51692653933806e-15 1.0
  outer loop
    vertex 229135.805057022 -77733.8930632601 4996.00000000049
    vertex 229138.071236364 -77735.5855263135 4996.00000000049
    vertex 229155.550054251 -77731.0314694588 4996.00000000049
  endloop
endfacet
facet normal 2.37354607493676e-15 1.51692653933806e-15 1.0
  outer loop
    vertex 229155.550054251 -77731.0314694588 4996.00000000049
    vertex 229138.071236364 -77735.5855263135 4996.00000000049
    vertex 229171.336409084 -77728.7435919468 4996.00000000049
  endloop
endfacet
facet normal 2.37354607493676e-15 1.51692653933806e-15 1.0
  outer loop
    vertex 229180.528087408 -77792.1661723883 4996.00000000049
    vertex 229162.762411378 -77794.740908045 4996.00000000049
    vertex 229146.976056545 -77797.028785557 4996.00000000049
  endloop
endfacet
facet normal 2.37354607493676e-15 1.51692653933806e-15 1.0
  outer loop
    vertex 229162.762411378 -77794.740908045 4996.00000000049
    vertex 229180.528087408 -77792.1661723883 4996.00000000049
    vertex 229164.741732576 -77794.4540499003 4996.00000000049
  endloop
endfacet
facet normal 2.37354607493676e-15 1.51692653933806e-15 1.0
  outer loop
    vertex 229162.762411378 -77794.740908045 4996.00000000049
    vertex 229164.741732576 -77794.4540499003 4996.00000000049
    vertex 229155.836912395 -77733.0107906568 4996.00000000049
  endloop
endfacet
facet normal 2.37354607493676e-15 1.51692653933806e-15 1.0
  outer loop
    vertex 229162.762411378 -77794.740908045 4996.00000000049
    vertex 229155.836912395 -77733.0107906568 4996.00000000049
    vertex 229153.857591197 -77733.2976488015 4996.00000000049
  endloop
endfacet
facet normal 2.37354607493676e-15 1.51692653933806e-15 1.0
  outer loop
    vertex 229153.857591197 -77733.2976488015 4996.00000000049
    vertex 229155.836912395 -77733.0107906568 4996.00000000049
    vertex 229138.071236364 -77735.5855263135 4996.00000000049
  endloop
endfacet
facet normal 2.37354607493676e-15 1.51692653933806e-15 1.0
  outer loop
    vertex 229129.497238658 -77801.5828424116 4996.00000000049
    vertex 229129.335787594 -77814.4130044799 4996.00000000049
    vertex 229131.699206986 -77816.7764238715 4996.00000000049
  endloop
endfacet
facet normal 2.37354607493676e-15 1.51692653933806e-15 1.0
  outer loop
    vertex 229129.335787594 -77814.4130044799 4996.00000000049
    vertex 229129.497238658 -77801.5828424116 4996.00000000049
    vertex 229127.51791746 -77801.8697005563 4996.00000000049
  endloop
endfacet
facet normal 2.37354607493676e-15 1.51692653933806e-15 1.0
  outer loop
    vertex 229147.262914689 -77799.008106755 4996.00000000049
    vertex 229150.54899103 -77835.6262079155 4996.00000000049
    vertex 229152.912410421 -77837.9896273071 4996.00000000049
  endloop
endfacet
facet normal 2.37354607493676e-15 1.51692653933806e-15 1.0
  outer loop
    vertex 229150.54899103 -77835.6262079155 4996.00000000049
    vertex 229147.262914689 -77799.008106755 4996.00000000049
    vertex 229145.283593491 -77799.2949648996 4996.00000000049
  endloop
endfacet
facet normal 2.37354607493676e-15 1.51692653933806e-15 1.0
  outer loop
    vertex 229165.02859072 -77796.4333710983 4996.00000000049
    vertex 229171.762194465 -77856.839411351 4996.00000000049
    vertex 229174.125613857 -77859.2028307427 4996.00000000049
  endloop
endfacet
facet normal 2.37354607493676e-15 1.51692653933806e-15 1.0
  outer loop
    vertex 229171.762194465 -77856.839411351 4996.00000000049
    vertex 229165.02859072 -77796.4333710983 4996.00000000049
    vertex 229163.049269522 -77796.720229243 4996.00000000049
  endloop
endfacet
facet normal 2.37354607493676e-15 1.51692653933806e-15 1.0
  outer loop
    vertex 229163.049269522 -77796.720229243 4996.00000000049
    vertex 229165.02859072 -77796.4333710983 4996.00000000049
    vertex 229147.262914689 -77799.008106755 4996.00000000049
  endloop
endfacet
facet normal 2.37354607493676e-15 1.51692653933806e-15 1.0
  outer loop
    vertex 229144.996735347 -77797.3156437016 4996.00000000049
    vertex 229116.385048149 -77801.4622650346 4996.00000000049
    vertex 229118.150133517 -77803.2273504031 4996.00000000049
  endloop
endfacet
facet normal 2.37354607493676e-15 1.51692653933806e-15 1.0
  outer loop
    vertex 229116.385048149 -77801.4622650346 4996.00000000049
    vertex 229144.996735347 -77797.3156437016 4996.00000000049
    vertex 229129.210380514 -77799.6035212136 4996.00000000049
  endloop
endfacet
facet normal 2.37354607493676e-15 1.51692653933806e-15 1.0
  outer loop
    vertex 229116.385048149 -77801.4622650346 4996.00000000049
    vertex 229129.210380514 -77799.6035212136 4996.00000000049
    vertex 229127.231059316 -77799.8903793583 4996.00000000049
  endloop
endfacet
facet normal 2.37354607493676e-15 1.51692653933806e-15 1.0
  outer loop
    vertex 229127.231059316 -77799.8903793583 4996.00000000049
    vertex 229129.210380514 -77799.6035212136 4996.00000000049
    vertex 229120.305560333 -77738.1602619701 4996.00000000049
  endloop
endfacet
facet normal 2.37354607493676e-15 1.51692653933806e-15 1.0
  outer loop
    vertex 229127.231059316 -77799.8903793583 4996.00000000049
    vertex 229120.305560333 -77738.1602619701 4996.00000000049
    vertex 229118.326239135 -77738.4471201148 4996.00000000049
  endloop
endfacet
facet normal 2.37354607493676e-15 1.51692653933806e-15 1.0
  outer loop
    vertex 229118.326239135 -77738.4471201148 4996.00000000049
    vertex 229120.305560333 -77738.1602619701 4996.00000000049
    vertex 229120.018702189 -77736.1809407721 4996.00000000049
  endloop
endfacet
facet normal 2.37354607493676e-15 1.51692653933806e-15 1.0
  outer loop
    vertex 229118.326239135 -77738.4471201148 4996.00000000049
    vertex 229120.018702189 -77736.1809407721 4996.00000000049
    vertex 229102.539884303 -77740.7349976268 4996.00000000049
  endloop
endfacet
facet normal 2.37354607493676e-15 1.51692653933806e-15 1.0
  outer loop
    vertex 229102.539884303 -77740.7349976268 4996.00000000049
    vertex 229120.018702189 -77736.1809407721 4996.00000000049
    vertex 229061.59222423 -77746.6694411156 4996.00000000049
  endloop
endfacet
facet normal 2.37354607493676e-15 1.51692653933806e-15 1.0
  outer loop
    vertex 229061.59222423 -77746.6694411156 4996.00000000049
    vertex 229120.018702189 -77736.1809407721 4996.00000000049
    vertex 229118.039380991 -77736.4677989168 4996.00000000049
  endloop
endfacet
facet normal 2.37354607493676e-15 1.51692653933806e-15 1.0
  outer loop
    vertex 229061.59222423 -77746.6694411156 4996.00000000049
    vertex 229118.039380991 -77736.4677989168 4996.00000000049
    vertex 229102.253026158 -77738.7556764288 4996.00000000049
  endloop
endfacet
facet normal 2.37354607493676e-15 1.51692653933806e-15 1.0
  outer loop
    vertex 229118.039380991 -77736.4677989168 4996.00000000049
    vertex 229120.018702189 -77736.1809407721 4996.00000000049
    vertex 229110.690076307 -77685.7575965957 4996.00000000049
  endloop
endfacet
facet normal 2.37354607493676e-15 1.51692653933806e-15 1.0
  outer loop
    vertex 229110.690076307 -77685.7575965957 4996.00000000049
    vertex 229120.018702189 -77736.1809407721 4996.00000000049
    vertex 229112.455161675 -77683.9925112272 4996.00000000049
  endloop
endfacet
facet normal 2.37354607493676e-15 1.51692653933806e-15 1.0
  outer loop
    vertex 229066.721674096 -77743.9051477421 4996.00000000049
    vertex 229064.742352898 -77744.1920058868 4996.00000000049
    vertex 229082.508028929 -77741.6172702301 4996.00000000049
  endloop
endfacet
facet normal 2.37354607493676e-15 1.51692653933806e-15 1.0
  outer loop
    vertex 229064.742352898 -77744.1920058868 4996.00000000049
    vertex 229066.721674096 -77743.9051477421 4996.00000000049
    vertex 229063.161759748 -77733.2859131539 4996.00000000049
  endloop
endfacet
facet normal 2.37354607493676e-15 1.51692653933806e-15 1.0
  outer loop
    vertex 229063.161759748 -77733.2859131539 4996.00000000049
    vertex 229066.721674096 -77743.9051477421 4996.00000000049
    vertex 229064.926845117 -77731.5208277854 4996.00000000049
  endloop
endfacet
facet normal 2.37354607493676e-15 1.51692653933806e-15 1.0
  outer loop
    vertex 229061.59222423 -77746.6694411156 4996.00000000049
    vertex 229064.742352898 -77744.1920058868 4996.00000000049
    vertex 229059.827138861 -77744.9043557471 4996.00000000049
  endloop
endfacet
facet normal 2.37354607493676e-15 1.51692653933806e-15 1.0
  outer loop
    vertex 229064.742352898 -77744.1920058868 4996.00000000049
    vertex 229061.59222423 -77746.6694411156 4996.00000000049
    vertex 229102.253026158 -77738.7556764288 4996.00000000049
  endloop
endfacet
facet normal 2.37354607493676e-15 1.51692653933806e-15 1.0
  outer loop
    vertex 229064.742352898 -77744.1920058868 4996.00000000049
    vertex 229102.253026158 -77738.7556764288 4996.00000000049
    vertex 229082.508028929 -77741.6172702301 4996.00000000049
  endloop
endfacet
facet normal 2.37354607493676e-15 1.51692653933806e-15 1.0
  outer loop
    vertex 229102.539884303 -77740.7349976268 4996.00000000049
    vertex 229108.122584159 -77793.1998010443 4996.00000000049
    vertex 229110.48600355 -77795.5632204359 4996.00000000049
  endloop
endfacet
facet normal 2.37354607493676e-15 1.51692653933806e-15 1.0
  outer loop
    vertex 229108.122584159 -77793.1998010443 4996.00000000049
    vertex 229102.539884303 -77740.7349976268 4996.00000000049
    vertex 229100.560563105 -77741.0218557714 4996.00000000049
  endloop
endfacet
facet normal 2.37354607493676e-15 1.51692653933806e-15 1.0
  outer loop
    vertex 229100.560563105 -77741.0218557714 4996.00000000049
    vertex 229102.539884303 -77740.7349976268 4996.00000000049
    vertex 229084.774208272 -77743.3097332835 4996.00000000049
  endloop
endfacet
facet normal 2.37354607493676e-15 1.51692653933806e-15 1.0
  outer loop
    vertex 229084.774208272 -77743.3097332835 4996.00000000049
    vertex 229102.539884303 -77740.7349976268 4996.00000000049
    vertex 229067.008532241 -77745.8844689401 4996.00000000049
  endloop
endfacet
facet normal 2.37354607493676e-15 1.51692653933806e-15 1.0
  outer loop
    vertex 229067.008532241 -77745.8844689401 4996.00000000049
    vertex 229102.539884303 -77740.7349976268 4996.00000000049
    vertex 229065.029211043 -77746.1713270848 4996.00000000049
  endloop
endfacet
facet normal 2.37354607493676e-15 1.51692653933806e-15 1.0
  outer loop
    vertex 229065.029211043 -77746.1713270848 4996.00000000049
    vertex 229102.539884303 -77740.7349976268 4996.00000000049
    vertex 229061.59222423 -77746.6694411156 4996.00000000049
  endloop
endfacet
facet normal 2.37354607493676e-15 1.51692653933806e-15 1.0
  outer loop
    vertex 229067.008532241 -77745.8844689401 4996.00000000049
    vertex 229065.696177287 -77750.7733941731 4996.00000000049
    vertex 229068.059596679 -77753.1368135647 4996.00000000049
  endloop
endfacet
facet normal 2.37354607493676e-15 1.51692653933806e-15 1.0
  outer loop
    vertex 229065.696177287 -77750.7733941731 4996.00000000049
    vertex 229067.008532241 -77745.8844689401 4996.00000000049
    vertex 229065.029211043 -77746.1713270848 4996.00000000049
  endloop
endfacet
facet normal 2.37354607493676e-15 1.51692653933806e-15 1.0
  outer loop
    vertex 229084.774208272 -77743.3097332835 4996.00000000049
    vertex 229086.909380723 -77771.9865976087 4996.00000000049
    vertex 229089.272800115 -77774.3500170003 4996.00000000049
  endloop
endfacet
facet normal 2.37354607493676e-15 1.51692653933806e-15 1.0
  outer loop
    vertex 229086.909380723 -77771.9865976087 4996.00000000049
    vertex 229084.774208272 -77743.3097332835 4996.00000000049
    vertex 229082.794887074 -77743.5965914281 4996.00000000049
  endloop
endfacet
facet normal 2.37354607493676e-15 1.51692653933806e-15 1.0
  outer loop
    vertex 229082.794887074 -77743.5965914281 4996.00000000049
    vertex 229084.774208272 -77743.3097332835 4996.00000000049
    vertex 229067.008532241 -77745.8844689401 4996.00000000049
  endloop
endfacet
facet normal -0.707106781186536 -0.707106781186559 8.07793566946316e-31
  outer loop
    vertex 229051.089033931 -77741.8231050657 5006.00000000049
    vertex 229050.959664092 -77741.6755870375 5000.00000000049
    vertex 229051.089033931 -77741.8231050657 5000.00000000049
  endloop
endfacet
facet normal -0.793353340291298 -0.608761429008639 1.61558713389263e-30
  outer loop
    vertex 229050.959664092 -77741.6755870375 5000.00000000049
    vertex 229051.089033931 -77741.8231050657 5006.00000000049
    vertex 229050.959664092 -77741.6755870375 5006.00000000049
  endloop
endfacet
facet normal -0.60876142900871 -0.793353340291243 2.42338070083895e-30
  outer loop
    vertex 229051.236551959 -77741.9524749044 5006.00000000049
    vertex 229051.089033931 -77741.8231050657 5000.00000000049
    vertex 229051.236551959 -77741.9524749044 5000.00000000049
  endloop
endfacet
facet normal -0.707106781186536 -0.707106781186559 8.07793566946316e-31
  outer loop
    vertex 229051.089033931 -77741.8231050657 5000.00000000049
    vertex 229051.236551959 -77741.9524749044 5006.00000000049
    vertex 229051.089033931 -77741.8231050657 5006.00000000049
  endloop
endfacet
facet normal 0.500000000000009 -0.866025403784434 1.51461293802434e-31
  outer loop
    vertex 229052.899694102 -77742.0614829996 5006.00000000049
    vertex 229052.723719251 -77742.1482641927 5000.00000000049
    vertex 229052.899694102 -77742.0614829996 5000.00000000049
  endloop
endfacet
facet normal 0.382683432365093 -0.923879532511285 5.04870979341448e-32
  outer loop
    vertex 229052.723719251 -77742.1482641927 5000.00000000049
    vertex 229052.899694102 -77742.0614829996 5006.00000000049
    vertex 229052.723719251 -77742.1482641927 5006.00000000049
  endloop
endfacet
facet normal -8.07793566946316e-31 0.0 1.0
  outer loop
    vertex 229052.53792267 -77742.2113336334 5006.00000000049
    vertex 229052.149694102 -77742.262444894 5006.00000000049
    vertex 229052.345483391 -77742.249612186 5006.00000000049
  endloop
endfacet
facet normal -8.07793566946316e-31 0.0 1.0
  outer loop
    vertex 229052.149694102 -77742.262444894 5006.00000000049
    vertex 229052.53792267 -77742.2113336334 5006.00000000049
    vertex 229052.723719251 -77742.1482641927 5006.00000000049
  endloop
endfacet
facet normal -8.07793566946316e-31 0.0 1.0
  outer loop
    vertex 229052.149694102 -77742.262444894 5006.00000000049
    vertex 229052.723719251 -77742.1482641927 5006.00000000049
    vertex 229051.953904814 -77742.249612186 5006.00000000049
  endloop
endfacet
facet normal -8.07793566946316e-31 0.0 1.0
  outer loop
    vertex 229051.953904814 -77742.249612186 5006.00000000049
    vertex 229052.723719251 -77742.1482641927 5006.00000000049
    vertex 229052.899694102 -77742.0614829996 5006.00000000049
  endloop
endfacet
facet normal -8.07793566946316e-31 0.0 1.0
  outer loop
    vertex 229051.953904814 -77742.249612186 5006.00000000049
    vertex 229052.899694102 -77742.0614829996 5006.00000000049
    vertex 229051.761465535 -77742.2113336334 5006.00000000049
  endloop
endfacet
facet normal -8.07793566946316e-31 0.0 1.0
  outer loop
    vertex 229051.761465535 -77742.2113336334 5006.00000000049
    vertex 229052.899694102 -77742.0614829996 5006.00000000049
    vertex 229053.062836246 -77741.9524749044 5006.00000000049
  endloop
endfacet
facet normal -8.07793566946316e-31 0.0 1.0
  outer loop
    vertex 229051.761465535 -77742.2113336334 5006.00000000049
    vertex 229053.062836246 -77741.9524749044 5006.00000000049
    vertex 229051.575668954 -77742.1482641927 5006.00000000049
  endloop
endfacet
facet normal -8.07793566946316e-31 0.0 1.0
  outer loop
    vertex 229051.575668954 -77742.1482641927 5006.00000000049
    vertex 229053.062836246 -77741.9524749044 5006.00000000049
    vertex 229053.210354274 -77741.8231050657 5006.00000000049
  endloop
endfacet
facet normal -8.07793566946316e-31 0.0 1.0
  outer loop
    vertex 229051.575668954 -77742.1482641927 5006.00000000049
    vertex 229053.210354274 -77741.8231050657 5006.00000000049
    vertex 229051.399694102 -77742.0614829996 5006.00000000049
  endloop
endfacet
facet normal -8.07793566946316e-31 0.0 1.0
  outer loop
    vertex 229051.399694102 -77742.0614829996 5006.00000000049
    vertex 229053.210354274 -77741.8231050657 5006.00000000049
    vertex 229053.339724113 -77741.6755870375 5006.00000000049
  endloop
endfacet
facet normal -8.07793566946316e-31 0.0 1.0
  outer loop
    vertex 229051.399694102 -77742.0614829996 5006.00000000049
    vertex 229053.339724113 -77741.6755870375 5006.00000000049
    vertex 229051.236551959 -77741.9524749044 5006.00000000049
  endloop
endfacet
facet normal -8.07793566946316e-31 0.0 1.0
  outer loop
    vertex 229051.236551959 -77741.9524749044 5006.00000000049
    vertex 229053.339724113 -77741.6755870375 5006.00000000049
    vertex 229053.448732208 -77741.512444894 5006.00000000049
  endloop
endfacet
facet normal -8.07793566946316e-31 0.0 1.0
  outer loop
    vertex 229051.236551959 -77741.9524749044 5006.00000000049
    vertex 229053.448732208 -77741.512444894 5006.00000000049
    vertex 229051.089033931 -77741.8231050657 5006.00000000049
  endloop
endfacet
facet normal -8.07793566946316e-31 0.0 1.0
  outer loop
    vertex 229051.089033931 -77741.8231050657 5006.00000000049
    vertex 229053.448732208 -77741.512444894 5006.00000000049
    vertex 229053.535513401 -77741.3364700425 5006.00000000049
  endloop
endfacet
facet normal -8.07793566946316e-31 0.0 1.0
  outer loop
    vertex 229051.089033931 -77741.8231050657 5006.00000000049
    vertex 229053.535513401 -77741.3364700425 5006.00000000049
    vertex 229050.959664092 -77741.6755870375 5006.00000000049
  endloop
endfacet
facet normal -8.07793566946316e-31 0.0 1.0
  outer loop
    vertex 229050.959664092 -77741.6755870375 5006.00000000049
    vertex 229053.535513401 -77741.3364700425 5006.00000000049
    vertex 229053.598582842 -77741.1506734616 5006.00000000049
  endloop
endfacet
facet normal -8.07793566946316e-31 0.0 1.0
  outer loop
    vertex 229050.959664092 -77741.6755870375 5006.00000000049
    vertex 229053.598582842 -77741.1506734616 5006.00000000049
    vertex 229050.850655997 -77741.512444894 5006.00000000049
  endloop
endfacet
facet normal -8.07793566946316e-31 0.0 1.0
  outer loop
    vertex 229050.850655997 -77741.512444894 5006.00000000049
    vertex 229053.598582842 -77741.1506734616 5006.00000000049
    vertex 229053.636861394 -77740.9582341823 5006.00000000049
  endloop
endfacet
facet normal -8.07793566946316e-31 0.0 1.0
  outer loop
    vertex 229050.850655997 -77741.512444894 5006.00000000049
    vertex 229053.636861394 -77740.9582341823 5006.00000000049
    vertex 229050.763874804 -77741.3364700425 5006.00000000049
  endloop
endfacet
facet normal -8.07793566946316e-31 0.0 1.0
  outer loop
    vertex 229050.763874804 -77741.3364700425 5006.00000000049
    vertex 229053.636861394 -77740.9582341823 5006.00000000049
    vertex 229053.649694102 -77740.762444894 5006.00000000049
  endloop
endfacet
facet normal -8.07793566946316e-31 0.0 1.0
  outer loop
    vertex 229050.763874804 -77741.3364700425 5006.00000000049
    vertex 229053.649694102 -77740.762444894 5006.00000000049
    vertex 229050.700805363 -77741.1506734616 5006.00000000049
  endloop
endfacet
facet normal -8.07793566946316e-31 0.0 1.0
  outer loop
    vertex 229050.700805363 -77741.1506734616 5006.00000000049
    vertex 229053.649694102 -77740.762444894 5006.00000000049
    vertex 229053.636861394 -77740.5666556057 5006.00000000049
  endloop
endfacet
facet normal -8.07793566946316e-31 0.0 1.0
  outer loop
    vertex 229050.700805363 -77741.1506734616 5006.00000000049
    vertex 229053.636861394 -77740.5666556057 5006.00000000049
    vertex 229050.66252681 -77740.9582341823 5006.00000000049
  endloop
endfacet
facet normal -8.07793566946316e-31 0.0 1.0
  outer loop
    vertex 229050.66252681 -77740.9582341823 5006.00000000049
    vertex 229053.636861394 -77740.5666556057 5006.00000000049
    vertex 229053.598582842 -77740.3742163263 5006.00000000049
  endloop
endfacet
facet normal -8.07793566946316e-31 0.0 1.0
  outer loop
    vertex 229050.66252681 -77740.9582341823 5006.00000000049
    vertex 229053.598582842 -77740.3742163263 5006.00000000049
    vertex 229050.649694102 -77740.762444894 5006.00000000049
  endloop
endfacet
facet normal -8.07793566946316e-31 0.0 1.0
  outer loop
    vertex 229050.649694102 -77740.762444894 5006.00000000049
    vertex 229053.598582842 -77740.3742163263 5006.00000000049
    vertex 229053.535513401 -77740.1884197454 5006.00000000049
  endloop
endfacet
facet normal -8.07793566946316e-31 0.0 1.0
  outer loop
    vertex 229050.649694102 -77740.762444894 5006.00000000049
    vertex 229053.535513401 -77740.1884197454 5006.00000000049
    vertex 229050.66252681 -77740.5666556057 5006.00000000049
  endloop
endfacet
facet normal -8.07793566946316e-31 0.0 1.0
  outer loop
    vertex 229050.66252681 -77740.5666556057 5006.00000000049
    vertex 229053.535513401 -77740.1884197454 5006.00000000049
    vertex 229053.448732208 -77740.012444894 5006.00000000049
  endloop
endfacet
facet normal -8.07793566946316e-31 0.0 1.0
  outer loop
    vertex 229050.66252681 -77740.5666556057 5006.00000000049
    vertex 229053.448732208 -77740.012444894 5006.00000000049
    vertex 229050.700805363 -77740.3742163263 5006.00000000049
  endloop
endfacet
facet normal -8.07793566946316e-31 0.0 1.0
  outer loop
    vertex 229050.700805363 -77740.3742163263 5006.00000000049
    vertex 229053.448732208 -77740.012444894 5006.00000000049
    vertex 229053.339724113 -77739.8493027505 5006.00000000049
  endloop
endfacet
facet normal -8.07793566946316e-31 0.0 1.0
  outer loop
    vertex 229050.700805363 -77740.3742163263 5006.00000000049
    vertex 229053.339724113 -77739.8493027505 5006.00000000049
    vertex 229050.763874804 -77740.1884197454 5006.00000000049
  endloop
endfacet
facet normal -8.07793566946316e-31 0.0 1.0
  outer loop
    vertex 229050.763874804 -77740.1884197454 5006.00000000049
    vertex 229053.339724113 -77739.8493027505 5006.00000000049
    vertex 229053.210354274 -77739.7017847222 5006.00000000049
  endloop
endfacet
facet normal -8.07793566946316e-31 0.0 1.0
  outer loop
    vertex 229050.763874804 -77740.1884197454 5006.00000000049
    vertex 229053.210354274 -77739.7017847222 5006.00000000049
    vertex 229050.850655997 -77740.012444894 5006.00000000049
  endloop
endfacet
facet normal -8.07793566946316e-31 0.0 1.0
  outer loop
    vertex 229050.850655997 -77740.012444894 5006.00000000049
    vertex 229053.210354274 -77739.7017847222 5006.00000000049
    vertex 229053.062836246 -77739.5724148835 5006.00000000049
  endloop
endfacet
facet normal -8.07793566946316e-31 0.0 1.0
  outer loop
    vertex 229050.850655997 -77740.012444894 5006.00000000049
    vertex 229053.062836246 -77739.5724148835 5006.00000000049
    vertex 229050.959664092 -77739.8493027505 5006.00000000049
  endloop
endfacet
facet normal -8.07793566946316e-31 0.0 1.0
  outer loop
    vertex 229050.959664092 -77739.8493027505 5006.00000000049
    vertex 229053.062836246 -77739.5724148835 5006.00000000049
    vertex 229052.899694102 -77739.4634067883 5006.00000000049
  endloop
endfacet
facet normal -8.07793566946316e-31 0.0 1.0
  outer loop
    vertex 229050.959664092 -77739.8493027505 5006.00000000049
    vertex 229052.899694102 -77739.4634067883 5006.00000000049
    vertex 229051.089033931 -77739.7017847222 5006.00000000049
  endloop
endfacet
facet normal -8.07793566946316e-31 0.0 1.0
  outer loop
    vertex 229051.089033931 -77739.7017847222 5006.00000000049
    vertex 229052.899694102 -77739.4634067883 5006.00000000049
    vertex 229052.723719251 -77739.3766255952 5006.00000000049
  endloop
endfacet
facet normal -8.07793566946316e-31 0.0 1.0
  outer loop
    vertex 229051.089033931 -77739.7017847222 5006.00000000049
    vertex 229052.723719251 -77739.3766255952 5006.00000000049
    vertex 229051.236551959 -77739.5724148835 5006.00000000049
  endloop
endfacet
facet normal -8.07793566946316e-31 0.0 1.0
  outer loop
    vertex 229051.236551959 -77739.5724148835 5006.00000000049
    vertex 229052.723719251 -77739.3766255952 5006.00000000049
    vertex 229052.53792267 -77739.3135561545 5006.00000000049
  endloop
endfacet
facet normal -8.07793566946316e-31 0.0 1.0
  outer loop
    vertex 229051.236551959 -77739.5724148835 5006.00000000049
    vertex 229052.53792267 -77739.3135561545 5006.00000000049
    vertex 229051.399694102 -77739.4634067883 5006.00000000049
  endloop
endfacet
facet normal -8.07793566946316e-31 0.0 1.0
  outer loop
    vertex 229051.399694102 -77739.4634067883 5006.00000000049
    vertex 229052.53792267 -77739.3135561545 5006.00000000049
    vertex 229052.345483391 -77739.2752776019 5006.00000000049
  endloop
endfacet
facet normal -8.07793566946316e-31 0.0 1.0
  outer loop
    vertex 229051.399694102 -77739.4634067883 5006.00000000049
    vertex 229052.345483391 -77739.2752776019 5006.00000000049
    vertex 229051.575668954 -77739.3766255952 5006.00000000049
  endloop
endfacet
facet normal -8.07793566946316e-31 0.0 1.0
  outer loop
    vertex 229051.575668954 -77739.3766255952 5006.00000000049
    vertex 229052.345483391 -77739.2752776019 5006.00000000049
    vertex 229052.149694102 -77739.262444894 5006.00000000049
  endloop
endfacet
facet normal -8.07793566946316e-31 0.0 1.0
  outer loop
    vertex 229051.575668954 -77739.3766255952 5006.00000000049
    vertex 229052.149694102 -77739.262444894 5006.00000000049
    vertex 229051.761465535 -77739.3135561545 5006.00000000049
  endloop
endfacet
facet normal -8.07793566946316e-31 0.0 1.0
  outer loop
    vertex 229051.761465535 -77739.3135561545 5006.00000000049
    vertex 229052.149694102 -77739.262444894 5006.00000000049
    vertex 229051.953904814 -77739.2752776019 5006.00000000049
  endloop
endfacet
facet normal -0.382683432365069 -0.923879532511295 8.07793566946316e-31
  outer loop
    vertex 229051.575668954 -77742.1482641927 5006.00000000049
    vertex 229051.399694102 -77742.0614829996 5000.00000000049
    vertex 229051.575668954 -77742.1482641927 5000.00000000049
  endloop
endfacet
facet normal -0.499999999999987 -0.866025403784446 1.61558713389263e-30
  outer loop
    vertex 229051.399694102 -77742.0614829996 5000.00000000049
    vertex 229051.575668954 -77742.1482641927 5006.00000000049
    vertex 229051.399694102 -77742.0614829996 5006.00000000049
  endloop
endfacet
facet normal 0.130526192220017 -0.991444861373815 4.03896783473158e-31
  outer loop
    vertex 229052.345483391 -77742.249612186 5006.00000000049
    vertex 229052.149694102 -77742.262444894 5000.00000000049
    vertex 229052.345483391 -77742.249612186 5000.00000000049
  endloop
endfacet
facet normal -2.10604866879294e-14 -1.0 8.07793566946316e-31
  outer loop
    vertex 229052.149694102 -77742.262444894 5000.00000000049
    vertex 229052.345483391 -77742.249612186 5006.00000000049
    vertex 229052.149694102 -77742.262444894 5006.00000000049
  endloop
endfacet
facet normal 0.258819045102518 -0.965925826289069 4.03896783473158e-31
  outer loop
    vertex 229052.53792267 -77742.2113336334 5006.00000000049
    vertex 229052.345483391 -77742.249612186 5000.00000000049
    vertex 229052.53792267 -77742.2113336334 5000.00000000049
  endloop
endfacet
facet normal 0.130526192220018 -0.991444861373815 2.01948391736579e-31
  outer loop
    vertex 229052.345483391 -77742.249612186 5000.00000000049
    vertex 229052.53792267 -77742.2113336334 5006.00000000049
    vertex 229052.345483391 -77742.249612186 5006.00000000049
  endloop
endfacet
facet normal 0.866025403784423 -0.500000000000028 -1.21169035041947e-30
  outer loop
    vertex 229053.448732208 -77741.512444894 5000.00000000049
    vertex 229053.339724113 -77741.6755870375 5006.00000000049
    vertex 229053.339724113 -77741.6755870375 5000.00000000049
  endloop
endfacet
facet normal 0.793353340291228 -0.60876142900873 -1.21169035041947e-30
  outer loop
    vertex 229053.339724113 -77741.6755870375 5006.00000000049
    vertex 229053.448732208 -77741.512444894 5000.00000000049
    vertex 229053.448732208 -77741.512444894 5006.00000000049
  endloop
endfacet
facet normal 0.965925826289058 -0.258819045102558 -4.03896783473158e-31
  outer loop
    vertex 229053.598582842 -77741.1506734616 5006.00000000049
    vertex 229053.535513401 -77741.3364700425 5000.00000000049
    vertex 229053.598582842 -77741.1506734616 5000.00000000049
  endloop
endfacet
facet normal 0.923879532511291 -0.382683432365079 -8.07793566946316e-31
  outer loop
    vertex 229053.535513401 -77741.3364700425 5000.00000000049
    vertex 229053.598582842 -77741.1506734616 5006.00000000049
    vertex 229053.535513401 -77741.3364700425 5006.00000000049
  endloop
endfacet
facet normal 0.923879532511291 -0.382683432365079 -8.07793566946316e-31
  outer loop
    vertex 229053.535513401 -77741.3364700425 5000.00000000049
    vertex 229053.448732208 -77741.512444894 5006.00000000049
    vertex 229053.448732208 -77741.512444894 5000.00000000049
  endloop
endfacet
facet normal 0.866025403784423 -0.500000000000027 -1.21169035041947e-30
  outer loop
    vertex 229053.448732208 -77741.512444894 5006.00000000049
    vertex 229053.535513401 -77741.3364700425 5000.00000000049
    vertex 229053.535513401 -77741.3364700425 5006.00000000049
  endloop
endfacet
facet normal 0.793353340291228 -0.60876142900873 -1.21169035041947e-30
  outer loop
    vertex 229053.339724113 -77741.6755870375 5006.00000000049
    vertex 229053.210354274 -77741.8231050657 5000.00000000049
    vertex 229053.339724113 -77741.6755870375 5000.00000000049
  endloop
endfacet
facet normal 0.707106781186536 -0.707106781186559 -8.07793566946316e-31
  outer loop
    vertex 229053.210354274 -77741.8231050657 5000.00000000049
    vertex 229053.339724113 -77741.6755870375 5006.00000000049
    vertex 229053.210354274 -77741.8231050657 5006.00000000049
  endloop
endfacet
facet normal 1.0 6.7267139437631e-30 -8.07793566946316e-31
  outer loop
    vertex 229053.649694102 -77740.762444894 5000.00000000049
    vertex 229053.636861394 -77740.9582341823 5006.00000000049
    vertex 229053.636861394 -77740.9582341823 5000.00000000049
  endloop
endfacet
facet normal 0.991444861373803 -0.13052619222011 -1.21169035041947e-30
  outer loop
    vertex 229053.636861394 -77740.9582341823 5006.00000000049
    vertex 229053.649694102 -77740.762444894 5000.00000000049
    vertex 229053.649694102 -77740.762444894 5006.00000000049
  endloop
endfacet
facet normal 0.60876142900871 -0.793353340291243 -2.01948391736579e-31
  outer loop
    vertex 229053.062836246 -77741.9524749044 5006.00000000049
    vertex 229052.899694102 -77742.0614829996 5000.00000000049
    vertex 229053.062836246 -77741.9524749044 5000.00000000049
  endloop
endfacet
facet normal 0.500000000000009 -0.866025403784434 1.0097419586829e-31
  outer loop
    vertex 229052.899694102 -77742.0614829996 5000.00000000049
    vertex 229053.062836246 -77741.9524749044 5006.00000000049
    vertex 229052.899694102 -77742.0614829996 5006.00000000049
  endloop
endfacet
facet normal 0.991444861373802 0.130526192220116 -1.61558713389263e-30
  outer loop
    vertex 229053.636861394 -77740.5666556057 5006.00000000049
    vertex 229053.649694102 -77740.762444894 5000.00000000049
    vertex 229053.636861394 -77740.5666556057 5000.00000000049
  endloop
endfacet
facet normal 1.0 6.7267139437631e-30 -8.07793566946316e-31
  outer loop
    vertex 229053.649694102 -77740.762444894 5000.00000000049
    vertex 229053.636861394 -77740.5666556057 5006.00000000049
    vertex 229053.649694102 -77740.762444894 5006.00000000049
  endloop
endfacet
facet normal 0.382683432365092 -0.923879532511286 -1.0097419586829e-31
  outer loop
    vertex 229052.723719251 -77742.1482641927 5006.00000000049
    vertex 229052.53792267 -77742.2113336334 5000.00000000049
    vertex 229052.723719251 -77742.1482641927 5000.00000000049
  endloop
endfacet
facet normal 0.258819045102519 -0.965925826289069 1.0097419586829e-31
  outer loop
    vertex 229052.53792267 -77742.2113336334 5000.00000000049
    vertex 229052.723719251 -77742.1482641927 5006.00000000049
    vertex 229052.53792267 -77742.2113336334 5006.00000000049
  endloop
endfacet
facet normal 0.707106781186536 -0.707106781186559 -6.05845175209737e-31
  outer loop
    vertex 229053.210354274 -77741.8231050657 5006.00000000049
    vertex 229053.062836246 -77741.9524749044 5000.00000000049
    vertex 229053.210354274 -77741.8231050657 5000.00000000049
  endloop
endfacet
facet normal 0.60876142900871 -0.793353340291243 -2.01948391736579e-31
  outer loop
    vertex 229053.062836246 -77741.9524749044 5000.00000000049
    vertex 229053.210354274 -77741.8231050657 5006.00000000049
    vertex 229053.062836246 -77741.9524749044 5006.00000000049
  endloop
endfacet
facet normal 0.499999999999987 0.866025403784446 -1.61558713389263e-30
  outer loop
    vertex 229052.899694102 -77739.4634067883 5000.00000000049
    vertex 229053.062836246 -77739.5724148835 5006.00000000049
    vertex 229053.062836246 -77739.5724148835 5000.00000000049
  endloop
endfacet
facet normal 0.608761429008771 0.793353340291196 -2.42338070083895e-30
  outer loop
    vertex 229053.062836246 -77739.5724148835 5006.00000000049
    vertex 229052.899694102 -77739.4634067883 5000.00000000049
    vertex 229052.899694102 -77739.4634067883 5006.00000000049
  endloop
endfacet
facet normal 0.991444861373803 -0.13052619222011 -1.61558713389263e-30
  outer loop
    vertex 229053.636861394 -77740.9582341823 5000.00000000049
    vertex 229053.598582842 -77741.1506734616 5006.00000000049
    vertex 229053.598582842 -77741.1506734616 5000.00000000049
  endloop
endfacet
facet normal 0.965925826289058 -0.258819045102558 -4.03896783473158e-31
  outer loop
    vertex 229053.598582842 -77741.1506734616 5006.00000000049
    vertex 229053.636861394 -77740.9582341823 5000.00000000049
    vertex 229053.636861394 -77740.9582341823 5006.00000000049
  endloop
endfacet
facet normal 0.923879532511291 0.382683432365079 0.0
  outer loop
    vertex 229053.535513401 -77740.1884197454 5000.00000000049
    vertex 229053.598582842 -77740.3742163263 5006.00000000049
    vertex 229053.598582842 -77740.3742163263 5000.00000000049
  endloop
endfacet
facet normal 0.965925826289057 0.258819045102564 -1.61558713389263e-30
  outer loop
    vertex 229053.598582842 -77740.3742163263 5006.00000000049
    vertex 229053.535513401 -77740.1884197454 5000.00000000049
    vertex 229053.535513401 -77740.1884197454 5006.00000000049
  endloop
endfacet
facet normal 0.86602540378448 0.499999999999928 -1.61558713389263e-30
  outer loop
    vertex 229053.448732208 -77740.012444894 5006.00000000049
    vertex 229053.535513401 -77740.1884197454 5000.00000000049
    vertex 229053.448732208 -77740.012444894 5000.00000000049
  endloop
endfacet
facet normal 0.923879532511291 0.382683432365079 0.0
  outer loop
    vertex 229053.535513401 -77740.1884197454 5000.00000000049
    vertex 229053.448732208 -77740.012444894 5006.00000000049
    vertex 229053.535513401 -77740.1884197454 5006.00000000049
  endloop
endfacet
facet normal 0.707106781186528 0.707106781186567 -1.61558713389263e-30
  outer loop
    vertex 229053.210354274 -77739.7017847222 5006.00000000049
    vertex 229053.339724113 -77739.8493027505 5000.00000000049
    vertex 229053.210354274 -77739.7017847222 5000.00000000049
  endloop
endfacet
facet normal 0.793353340291244 0.608761429008709 -1.61558713389263e-30
  outer loop
    vertex 229053.339724113 -77739.8493027505 5000.00000000049
    vertex 229053.210354274 -77739.7017847222 5006.00000000049
    vertex 229053.339724113 -77739.8493027505 5006.00000000049
  endloop
endfacet
facet normal 0.608761429008771 0.793353340291196 -2.42338070083895e-30
  outer loop
    vertex 229053.062836246 -77739.5724148835 5006.00000000049
    vertex 229053.210354274 -77739.7017847222 5000.00000000049
    vertex 229053.062836246 -77739.5724148835 5000.00000000049
  endloop
endfacet
facet normal 0.707106781186528 0.707106781186567 -1.61558713389263e-30
  outer loop
    vertex 229053.210354274 -77739.7017847222 5000.00000000049
    vertex 229053.062836246 -77739.5724148835 5006.00000000049
    vertex 229053.210354274 -77739.7017847222 5006.00000000049
  endloop
endfacet
facet normal -0.86602540378448 -0.499999999999928 8.07793566946316e-31
  outer loop
    vertex 229050.850655997 -77741.512444894 5006.00000000049
    vertex 229050.763874804 -77741.3364700425 5000.00000000049
    vertex 229050.850655997 -77741.512444894 5000.00000000049
  endloop
endfacet
facet normal -0.923879532511291 -0.38268343236508 0.0
  outer loop
    vertex 229050.763874804 -77741.3364700425 5000.00000000049
    vertex 229050.850655997 -77741.512444894 5006.00000000049
    vertex 229050.763874804 -77741.3364700425 5006.00000000049
  endloop
endfacet
facet normal -0.793353340291298 -0.608761429008639 2.42338070083895e-30
  outer loop
    vertex 229050.959664092 -77741.6755870375 5006.00000000049
    vertex 229050.850655997 -77741.512444894 5000.00000000049
    vertex 229050.959664092 -77741.6755870375 5000.00000000049
  endloop
endfacet
facet normal -0.86602540378448 -0.499999999999928 1.61558713389263e-30
  outer loop
    vertex 229050.850655997 -77741.512444894 5000.00000000049
    vertex 229050.959664092 -77741.6755870375 5006.00000000049
    vertex 229050.850655997 -77741.512444894 5006.00000000049
  endloop
endfacet
facet normal 0.793353340291243 0.60876142900871 -1.61558713389263e-30
  outer loop
    vertex 229053.339724113 -77739.8493027505 5006.00000000049
    vertex 229053.448732208 -77740.012444894 5000.00000000049
    vertex 229053.339724113 -77739.8493027505 5000.00000000049
  endloop
endfacet
facet normal 0.86602540378448 0.499999999999928 -1.61558713389263e-30
  outer loop
    vertex 229053.448732208 -77740.012444894 5000.00000000049
    vertex 229053.339724113 -77739.8493027505 5006.00000000049
    vertex 229053.448732208 -77740.012444894 5006.00000000049
  endloop
endfacet
facet normal 0.965925826289057 0.258819045102564 -1.61558713389263e-30
  outer loop
    vertex 229053.598582842 -77740.3742163263 5006.00000000049
    vertex 229053.636861394 -77740.5666556057 5000.00000000049
    vertex 229053.598582842 -77740.3742163263 5000.00000000049
  endloop
endfacet
facet normal 0.991444861373802 0.130526192220116 -1.61558713389263e-30
  outer loop
    vertex 229053.636861394 -77740.5666556057 5000.00000000049
    vertex 229053.598582842 -77740.3742163263 5006.00000000049
    vertex 229053.636861394 -77740.5666556057 5006.00000000049
  endloop
endfacet
facet normal -0.130526192220062 -0.991444861373809 8.07793566946316e-31
  outer loop
    vertex 229051.953904814 -77742.249612186 5006.00000000049
    vertex 229051.761465535 -77742.2113336334 5000.00000000049
    vertex 229051.953904814 -77742.249612186 5000.00000000049
  endloop
endfacet
facet normal -0.258819045102541 -0.965925826289063 4.03896783473158e-31
  outer loop
    vertex 229051.761465535 -77742.2113336334 5000.00000000049
    vertex 229051.953904814 -77742.249612186 5006.00000000049
    vertex 229051.761465535 -77742.2113336334 5006.00000000049
  endloop
endfacet
facet normal -2.20836682274239e-14 -1.0 0.0
  outer loop
    vertex 229052.149694102 -77742.262444894 5006.00000000049
    vertex 229051.953904814 -77742.249612186 5000.00000000049
    vertex 229052.149694102 -77742.262444894 5000.00000000049
  endloop
endfacet
facet normal -0.130526192220062 -0.991444861373809 4.03896783473158e-31
  outer loop
    vertex 229051.953904814 -77742.249612186 5000.00000000049
    vertex 229052.149694102 -77742.262444894 5006.00000000049
    vertex 229051.953904814 -77742.249612186 5006.00000000049
  endloop
endfacet
facet normal -0.258819045102541 -0.965925826289063 1.21169035041947e-30
  outer loop
    vertex 229051.761465535 -77742.2113336334 5006.00000000049
    vertex 229051.575668954 -77742.1482641927 5000.00000000049
    vertex 229051.761465535 -77742.2113336334 5000.00000000049
  endloop
endfacet
facet normal -0.382683432365068 -0.923879532511296 1.21169035041947e-30
  outer loop
    vertex 229051.575668954 -77742.1482641927 5000.00000000049
    vertex 229051.761465535 -77742.2113336334 5006.00000000049
    vertex 229051.575668954 -77742.1482641927 5006.00000000049
  endloop
endfacet
facet normal -0.923879532511291 -0.382683432365079 8.07793566946316e-31
  outer loop
    vertex 229050.763874804 -77741.3364700425 5006.00000000049
    vertex 229050.700805363 -77741.1506734616 5000.00000000049
    vertex 229050.763874804 -77741.3364700425 5000.00000000049
  endloop
endfacet
facet normal -0.965925826289057 -0.258819045102564 1.61558713389263e-30
  outer loop
    vertex 229050.700805363 -77741.1506734616 5000.00000000049
    vertex 229050.763874804 -77741.3364700425 5006.00000000049
    vertex 229050.700805363 -77741.1506734616 5006.00000000049
  endloop
endfacet
facet normal 0.382683432365069 0.923879532511295 -1.21169035041947e-30
  outer loop
    vertex 229052.723719251 -77739.3766255952 5000.00000000049
    vertex 229052.899694102 -77739.4634067883 5006.00000000049
    vertex 229052.899694102 -77739.4634067883 5000.00000000049
  endloop
endfacet
facet normal 0.499999999999986 0.866025403784446 -1.21169035041947e-30
  outer loop
    vertex 229052.899694102 -77739.4634067883 5006.00000000049
    vertex 229052.723719251 -77739.3766255952 5000.00000000049
    vertex 229052.723719251 -77739.3766255952 5006.00000000049
  endloop
endfacet
facet normal 0.258819045102541 0.965925826289063 -4.03896783473158e-31
  outer loop
    vertex 229052.53792267 -77739.3135561545 5000.00000000049
    vertex 229052.723719251 -77739.3766255952 5006.00000000049
    vertex 229052.723719251 -77739.3766255952 5000.00000000049
  endloop
endfacet
facet normal 0.382683432365068 0.923879532511295 -1.21169035041947e-30
  outer loop
    vertex 229052.723719251 -77739.3766255952 5006.00000000049
    vertex 229052.53792267 -77739.3135561545 5000.00000000049
    vertex 229052.53792267 -77739.3135561545 5006.00000000049
  endloop
endfacet
facet normal 0.130526192220062 0.991444861373809 -8.07793566946316e-31
  outer loop
    vertex 229052.345483391 -77739.2752776019 5000.00000000049
    vertex 229052.53792267 -77739.3135561545 5006.00000000049
    vertex 229052.53792267 -77739.3135561545 5000.00000000049
  endloop
endfacet
facet normal 0.258819045102541 0.965925826289063 -8.07793566946316e-31
  outer loop
    vertex 229052.53792267 -77739.3135561545 5006.00000000049
    vertex 229052.345483391 -77739.2752776019 5000.00000000049
    vertex 229052.345483391 -77739.2752776019 5006.00000000049
  endloop
endfacet
facet normal 2.21689333557151e-14 1.0 0.0
  outer loop
    vertex 229052.149694102 -77739.262444894 5000.00000000049
    vertex 229052.345483391 -77739.2752776019 5006.00000000049
    vertex 229052.345483391 -77739.2752776019 5000.00000000049
  endloop
endfacet
facet normal 0.130526192220062 0.991444861373809 -8.07793566946316e-31
  outer loop
    vertex 229052.345483391 -77739.2752776019 5006.00000000049
    vertex 229052.149694102 -77739.262444894 5000.00000000049
    vertex 229052.149694102 -77739.262444894 5006.00000000049
  endloop
endfacet
facet normal -0.991444861373802 -0.130526192220116 1.61558713389263e-30
  outer loop
    vertex 229050.66252681 -77740.9582341823 5006.00000000049
    vertex 229050.649694102 -77740.762444894 5000.00000000049
    vertex 229050.66252681 -77740.9582341823 5000.00000000049
  endloop
endfacet
facet normal -1.0 -5.68434188608147e-17 8.07793566946316e-31
  outer loop
    vertex 229050.649694102 -77740.762444894 5000.00000000049
    vertex 229050.66252681 -77740.9582341823 5006.00000000049
    vertex 229050.649694102 -77740.762444894 5006.00000000049
  endloop
endfacet
facet normal -0.965925826289057 -0.258819045102564 8.07793566946316e-31
  outer loop
    vertex 229050.700805363 -77741.1506734616 5006.00000000049
    vertex 229050.66252681 -77740.9582341823 5000.00000000049
    vertex 229050.700805363 -77741.1506734616 5000.00000000049
  endloop
endfacet
facet normal -0.991444861373802 -0.130526192220116 1.61558713389263e-30
  outer loop
    vertex 229050.66252681 -77740.9582341823 5000.00000000049
    vertex 229050.700805363 -77741.1506734616 5006.00000000049
    vertex 229050.66252681 -77740.9582341823 5006.00000000049
  endloop
endfacet
facet normal -1.0 -2.27373675443239e-16 1.61558713389263e-30
  outer loop
    vertex 229050.649694102 -77740.762444894 5006.00000000049
    vertex 229050.66252681 -77740.5666556057 5000.00000000049
    vertex 229050.649694102 -77740.762444894 5000.00000000049
  endloop
endfacet
facet normal -0.991444861373803 0.13052619222011 8.07793566946316e-31
  outer loop
    vertex 229050.66252681 -77740.5666556057 5000.00000000049
    vertex 229050.649694102 -77740.762444894 5006.00000000049
    vertex 229050.66252681 -77740.5666556057 5006.00000000049
  endloop
endfacet
facet normal -0.991444861373803 0.13052619222011 1.21169035041947e-30
  outer loop
    vertex 229050.66252681 -77740.5666556057 5006.00000000049
    vertex 229050.700805363 -77740.3742163263 5000.00000000049
    vertex 229050.66252681 -77740.5666556057 5000.00000000049
  endloop
endfacet
facet normal -0.965925826289058 0.258819045102558 8.07793566946316e-31
  outer loop
    vertex 229050.700805363 -77740.3742163263 5000.00000000049
    vertex 229050.66252681 -77740.5666556057 5006.00000000049
    vertex 229050.700805363 -77740.3742163263 5006.00000000049
  endloop
endfacet
facet normal -0.793353340291228 0.60876142900873 1.21169035041947e-30
  outer loop
    vertex 229050.959664092 -77739.8493027505 5000.00000000049
    vertex 229051.089033931 -77739.7017847222 5006.00000000049
    vertex 229051.089033931 -77739.7017847222 5000.00000000049
  endloop
endfacet
facet normal -0.707106781186536 0.707106781186559 4.03896783473158e-31
  outer loop
    vertex 229051.089033931 -77739.7017847222 5006.00000000049
    vertex 229050.959664092 -77739.8493027505 5000.00000000049
    vertex 229050.959664092 -77739.8493027505 5006.00000000049
  endloop
endfacet
facet normal -0.866025403784423 0.500000000000027 8.07793566946316e-31
  outer loop
    vertex 229050.850655997 -77740.012444894 5006.00000000049
    vertex 229050.959664092 -77739.8493027505 5000.00000000049
    vertex 229050.850655997 -77740.012444894 5000.00000000049
  endloop
endfacet
facet normal -0.793353340291228 0.60876142900873 1.21169035041947e-30
  outer loop
    vertex 229050.959664092 -77739.8493027505 5000.00000000049
    vertex 229050.850655997 -77740.012444894 5006.00000000049
    vertex 229050.959664092 -77739.8493027505 5006.00000000049
  endloop
endfacet
facet normal -0.923879532511291 0.382683432365079 4.03896783473158e-31
  outer loop
    vertex 229050.763874804 -77740.1884197454 5006.00000000049
    vertex 229050.850655997 -77740.012444894 5000.00000000049
    vertex 229050.763874804 -77740.1884197454 5000.00000000049
  endloop
endfacet
facet normal -0.866025403784423 0.500000000000027 1.21169035041947e-30
  outer loop
    vertex 229050.850655997 -77740.012444894 5000.00000000049
    vertex 229050.763874804 -77740.1884197454 5006.00000000049
    vertex 229050.850655997 -77740.012444894 5006.00000000049
  endloop
endfacet
facet normal -0.965925826289058 0.258819045102559 8.07793566946316e-31
  outer loop
    vertex 229050.700805363 -77740.3742163263 5006.00000000049
    vertex 229050.763874804 -77740.1884197454 5000.00000000049
    vertex 229050.700805363 -77740.3742163263 5000.00000000049
  endloop
endfacet
facet normal -0.923879532511291 0.382683432365079 1.21169035041947e-30
  outer loop
    vertex 229050.763874804 -77740.1884197454 5000.00000000049
    vertex 229050.700805363 -77740.3742163263 5006.00000000049
    vertex 229050.763874804 -77740.1884197454 5006.00000000049
  endloop
endfacet
facet normal -0.60876142900871 0.793353340291243 3.02922587604869e-31
  outer loop
    vertex 229051.236551959 -77739.5724148835 5000.00000000049
    vertex 229051.399694102 -77739.4634067883 5006.00000000049
    vertex 229051.399694102 -77739.4634067883 5000.00000000049
  endloop
endfacet
facet normal -0.500000000000009 0.866025403784434 -1.51461293802434e-31
  outer loop
    vertex 229051.399694102 -77739.4634067883 5006.00000000049
    vertex 229051.236551959 -77739.5724148835 5000.00000000049
    vertex 229051.236551959 -77739.5724148835 5006.00000000049
  endloop
endfacet
facet normal -0.707106781186536 0.707106781186559 1.21169035041947e-30
  outer loop
    vertex 229051.089033931 -77739.7017847222 5000.00000000049
    vertex 229051.236551959 -77739.5724148835 5006.00000000049
    vertex 229051.236551959 -77739.5724148835 5000.00000000049
  endloop
endfacet
facet normal -0.608761429008711 0.793353340291243 1.0097419586829e-31
  outer loop
    vertex 229051.236551959 -77739.5724148835 5006.00000000049
    vertex 229051.089033931 -77739.7017847222 5000.00000000049
    vertex 229051.089033931 -77739.7017847222 5006.00000000049
  endloop
endfacet
facet normal -0.382683432365092 0.923879532511286 -1.51461293802434e-31
  outer loop
    vertex 229051.575668954 -77739.3766255952 5000.00000000049
    vertex 229051.761465535 -77739.3135561545 5006.00000000049
    vertex 229051.761465535 -77739.3135561545 5000.00000000049
  endloop
endfacet
facet normal -0.258819045102519 0.965925826289069 -3.02922587604869e-31
  outer loop
    vertex 229051.761465535 -77739.3135561545 5006.00000000049
    vertex 229051.575668954 -77739.3766255952 5000.00000000049
    vertex 229051.575668954 -77739.3766255952 5006.00000000049
  endloop
endfacet
facet normal -0.500000000000008 0.866025403784434 -2.01948391736579e-31
  outer loop
    vertex 229051.399694102 -77739.4634067883 5000.00000000049
    vertex 229051.575668954 -77739.3766255952 5006.00000000049
    vertex 229051.575668954 -77739.3766255952 5000.00000000049
  endloop
endfacet
facet normal -0.382683432365093 0.923879532511285 0.0
  outer loop
    vertex 229051.575668954 -77739.3766255952 5006.00000000049
    vertex 229051.399694102 -77739.4634067883 5000.00000000049
    vertex 229051.399694102 -77739.4634067883 5006.00000000049
  endloop
endfacet
facet normal -0.258819045102518 0.965925826289069 -4.03896783473158e-31
  outer loop
    vertex 229051.761465535 -77739.3135561545 5000.00000000049
    vertex 229051.953904814 -77739.2752776019 5006.00000000049
    vertex 229051.953904814 -77739.2752776019 5000.00000000049
  endloop
endfacet
facet normal -0.130526192220018 0.991444861373815 0.0
  outer loop
    vertex 229051.953904814 -77739.2752776019 5006.00000000049
    vertex 229051.761465535 -77739.3135561545 5000.00000000049
    vertex 229051.761465535 -77739.3135561545 5006.00000000049
  endloop
endfacet
facet normal -0.130526192220017 0.991444861373815 0.0
  outer loop
    vertex 229051.953904814 -77739.2752776019 5000.00000000049
    vertex 229052.149694102 -77739.262444894 5006.00000000049
    vertex 229052.149694102 -77739.262444894 5000.00000000049
  endloop
endfacet
facet normal 2.10036432690686e-14 1.0 0.0
  outer loop
    vertex 229052.149694102 -77739.262444894 5006.00000000049
    vertex 229051.953904814 -77739.2752776019 5000.00000000049
    vertex 229051.953904814 -77739.2752776019 5006.00000000049
  endloop
endfacet
facet normal 0.991444861373816 -0.130526192220006 1.07382384623131e-15
  outer loop
    vertex 229196.049662493 -77882.5101166118 4995.00000000049
    vertex 229195.985864905 -77882.8308487441 5000.00000000049
    vertex 229195.985864905 -77882.8308487441 4995.00000000049
  endloop
endfacet
facet normal 0.965925826289066 -0.258819045102531 1.04618443886291e-15
  outer loop
    vertex 229195.985864905 -77882.8308487441 5000.00000000049
    vertex 229196.049662493 -77882.5101166118 4995.00000000049
    vertex 229196.049662493 -77882.5101166118 5000.00000000049
  endloop
endfacet
facet normal 0.965925826289066 -0.258819045102531 1.04618443886291e-15
  outer loop
    vertex 229195.985864905 -77882.8308487441 4995.00000000049
    vertex 229195.880749171 -77883.1405097122 5000.00000000049
    vertex 229195.880749171 -77883.1405097122 4995.00000000049
  endloop
endfacet
facet normal 0.92387953251127 -0.38268343236513 1.00064452568843e-15
  outer loop
    vertex 229195.880749171 -77883.1405097122 5000.00000000049
    vertex 229195.985864905 -77882.8308487441 4995.00000000049
    vertex 229195.985864905 -77882.8308487441 5000.00000000049
  endloop
endfacet
facet normal 2.98427949019243e-15 1.0 0.0
  outer loop
    vertex 229158.21571128 -77633.196427716 5000.00000000049
    vertex 229158.411500569 -77633.2092604239 5006.00000000049
    vertex 229158.411500569 -77633.2092604239 5000.00000000049
  endloop
endfacet
facet normal 0.130526192220059 0.991444861373809 0.0
  outer loop
    vertex 229158.411500569 -77633.2092604239 5006.00000000049
    vertex 229158.21571128 -77633.196427716 5000.00000000049
    vertex 229158.21571128 -77633.196427716 5006.00000000049
  endloop
endfacet
facet normal 0.707106781186589 0.707106781186506 -1.61558713389263e-30
  outer loop
    vertex 229159.276371452 -77633.6357675442 5000.00000000049
    vertex 229159.405741291 -77633.7832855725 5006.00000000049
    vertex 229159.405741291 -77633.7832855725 5000.00000000049
  endloop
endfacet
facet normal 0.79335334029123 0.608761429008727 -1.61558713389263e-30
  outer loop
    vertex 229159.405741291 -77633.7832855725 5006.00000000049
    vertex 229159.276371452 -77633.6357675442 5000.00000000049
    vertex 229159.276371452 -77633.6357675442 5006.00000000049
  endloop
endfacet
facet normal 0.608761429008717 0.793353340291238 -8.07793566946316e-31
  outer loop
    vertex 229159.128853424 -77633.5063977056 5006.00000000049
    vertex 229159.276371452 -77633.6357675442 5000.00000000049
    vertex 229159.128853424 -77633.5063977056 5000.00000000049
  endloop
endfacet
facet normal 0.707106781186589 0.707106781186506 -1.61558713389263e-30
  outer loop
    vertex 229159.276371452 -77633.6357675442 5000.00000000049
    vertex 229159.128853424 -77633.5063977056 5006.00000000049
    vertex 229159.276371452 -77633.6357675442 5006.00000000049
  endloop
endfacet
facet normal -0.707106781186589 -0.707106781186507 0.0
  outer loop
    vertex 229157.155051109 -77635.7570878878 5006.00000000049
    vertex 229157.02568127 -77635.6095698595 5000.00000000049
    vertex 229157.155051109 -77635.7570878878 5000.00000000049
  endloop
endfacet
facet normal -0.793353340291232 -0.608761429008725 1.61558713389263e-30
  outer loop
    vertex 229157.02568127 -77635.6095698595 5000.00000000049
    vertex 229157.155051109 -77635.7570878878 5006.00000000049
    vertex 229157.02568127 -77635.6095698595 5006.00000000049
  endloop
endfacet
facet normal -0.608761429008717 -0.793353340291238 0.0
  outer loop
    vertex 229157.302569137 -77635.8864577264 5006.00000000049
    vertex 229157.155051109 -77635.7570878878 5000.00000000049
    vertex 229157.302569137 -77635.8864577264 5000.00000000049
  endloop
endfacet
facet normal -0.707106781186589 -0.707106781186507 0.0
  outer loop
    vertex 229157.155051109 -77635.7570878878 5000.00000000049
    vertex 229157.302569137 -77635.8864577264 5006.00000000049
    vertex 229157.155051109 -77635.7570878878 5006.00000000049
  endloop
endfacet
facet normal -0.707106781186586 0.707106781186509 1.21169035041947e-30
  outer loop
    vertex 229157.155051109 -77633.6357675442 5000.00000000049
    vertex 229157.02568127 -77633.7832855725 5006.00000000049
    vertex 229157.155051109 -77633.6357675442 5006.00000000049
  endloop
endfacet
facet normal -0.793353340291229 0.608761429008729 1.41363874215605e-30
  outer loop
    vertex 229157.02568127 -77633.7832855725 5006.00000000049
    vertex 229157.155051109 -77633.6357675442 5000.00000000049
    vertex 229157.02568127 -77633.7832855725 5000.00000000049
  endloop
endfacet
facet normal 0.79335334029123 0.608761429008727 -1.61558713389263e-30
  outer loop
    vertex 229159.405741291 -77633.7832855725 5006.00000000049
    vertex 229159.514749386 -77633.946427716 5000.00000000049
    vertex 229159.405741291 -77633.7832855725 5000.00000000049
  endloop
endfacet
facet normal 0.866025403784427 0.500000000000021 0.0
  outer loop
    vertex 229159.514749386 -77633.946427716 5000.00000000049
    vertex 229159.405741291 -77633.7832855725 5006.00000000049
    vertex 229159.514749386 -77633.946427716 5006.00000000049
  endloop
endfacet
facet normal -2.92743607133162e-15 -1.0 -4.03896783473158e-31
  outer loop
    vertex 229158.21571128 -77636.196427716 5006.00000000049
    vertex 229158.411500569 -77636.1835950081 5000.00000000049
    vertex 229158.411500569 -77636.1835950081 5006.00000000049
  endloop
endfacet
facet normal 0.130526192220051 -0.99144486137381 -2.01948391736579e-31
  outer loop
    vertex 229158.411500569 -77636.1835950081 5000.00000000049
    vertex 229158.21571128 -77636.196427716 5006.00000000049
    vertex 229158.21571128 -77636.196427716 5000.00000000049
  endloop
endfacet
facet normal 0.130526192220051 -0.99144486137381 -2.01948391736579e-31
  outer loop
    vertex 229158.411500569 -77636.1835950081 5006.00000000049
    vertex 229158.603939848 -77636.1453164554 5000.00000000049
    vertex 229158.603939848 -77636.1453164554 5006.00000000049
  endloop
endfacet
facet normal 0.258819045102524 -0.965925826289067 2.01948391736579e-31
  outer loop
    vertex 229158.603939848 -77636.1453164554 5000.00000000049
    vertex 229158.411500569 -77636.1835950081 5006.00000000049
    vertex 229158.411500569 -77636.1835950081 5000.00000000049
  endloop
endfacet
facet normal 0.258819045102524 -0.965925826289067 1.0097419586829e-31
  outer loop
    vertex 229158.603939848 -77636.1453164554 5006.00000000049
    vertex 229158.789736429 -77636.0822470148 5000.00000000049
    vertex 229158.789736429 -77636.0822470148 5006.00000000049
  endloop
endfacet
facet normal 0.382683432365098 -0.923879532511283 -5.55358077275592e-31
  outer loop
    vertex 229158.789736429 -77636.0822470148 5000.00000000049
    vertex 229158.603939848 -77636.1453164554 5006.00000000049
    vertex 229158.603939848 -77636.1453164554 5000.00000000049
  endloop
endfacet
facet normal 0.382683432365098 -0.923879532511283 -6.05845175209737e-31
  outer loop
    vertex 229158.789736429 -77636.0822470148 5006.00000000049
    vertex 229158.96571128 -77635.9954658217 5000.00000000049
    vertex 229158.96571128 -77635.9954658217 5006.00000000049
  endloop
endfacet
facet normal 0.499999999999969 -0.866025403784456 -4.03896783473158e-31
  outer loop
    vertex 229158.96571128 -77635.9954658217 5000.00000000049
    vertex 229158.789736429 -77636.0822470148 5006.00000000049
    vertex 229158.789736429 -77636.0822470148 5000.00000000049
  endloop
endfacet
facet normal 0.49999999999997 -0.866025403784456 -5.55358077275592e-31
  outer loop
    vertex 229158.96571128 -77635.9954658217 5006.00000000049
    vertex 229159.128853424 -77635.8864577264 5000.00000000049
    vertex 229159.128853424 -77635.8864577264 5006.00000000049
  endloop
endfacet
facet normal 0.608761429008713 -0.793353340291241 -9.08767762814606e-31
  outer loop
    vertex 229159.128853424 -77635.8864577264 5000.00000000049
    vertex 229158.96571128 -77635.9954658217 5006.00000000049
    vertex 229158.96571128 -77635.9954658217 5000.00000000049
  endloop
endfacet
facet normal 0.608761429008713 -0.793353340291241 -7.06819371078027e-31
  outer loop
    vertex 229159.128853424 -77635.8864577264 5006.00000000049
    vertex 229159.276371452 -77635.7570878878 5000.00000000049
    vertex 229159.276371452 -77635.7570878878 5006.00000000049
  endloop
endfacet
facet normal 0.707106781186586 -0.707106781186509 -1.21169035041947e-30
  outer loop
    vertex 229159.276371452 -77635.7570878878 5000.00000000049
    vertex 229159.128853424 -77635.8864577264 5006.00000000049
    vertex 229159.128853424 -77635.8864577264 5000.00000000049
  endloop
endfacet
facet normal -0.608761429008717 -0.793353340291238 0.0
  outer loop
    vertex 229157.302569137 -77635.8864577264 5006.00000000049
    vertex 229157.46571128 -77635.9954658217 5000.00000000049
    vertex 229157.46571128 -77635.9954658217 5006.00000000049
  endloop
endfacet
facet normal -0.499999999999978 -0.866025403784451 4.03896783473158e-31
  outer loop
    vertex 229157.46571128 -77635.9954658217 5000.00000000049
    vertex 229157.302569137 -77635.8864577264 5006.00000000049
    vertex 229157.302569137 -77635.8864577264 5000.00000000049
  endloop
endfacet
facet normal -0.499999999999978 -0.866025403784452 1.21169035041947e-30
  outer loop
    vertex 229157.46571128 -77635.9954658217 5006.00000000049
    vertex 229157.641686132 -77636.0822470148 5000.00000000049
    vertex 229157.641686132 -77636.0822470148 5006.00000000049
  endloop
endfacet
facet normal -0.382683432365107 -0.92387953251128 8.07793566946316e-31
  outer loop
    vertex 229157.641686132 -77636.0822470148 5000.00000000049
    vertex 229157.46571128 -77635.9954658217 5006.00000000049
    vertex 229157.46571128 -77635.9954658217 5000.00000000049
  endloop
endfacet
facet normal -0.382683432365107 -0.92387953251128 8.07793566946316e-31
  outer loop
    vertex 229157.641686132 -77636.0822470148 5006.00000000049
    vertex 229157.827482713 -77636.1453164554 5000.00000000049
    vertex 229157.827482713 -77636.1453164554 5006.00000000049
  endloop
endfacet
facet normal -0.258819045102531 -0.965925826289066 8.07793566946316e-31
  outer loop
    vertex 229157.827482713 -77636.1453164554 5000.00000000049
    vertex 229157.641686132 -77636.0822470148 5006.00000000049
    vertex 229157.641686132 -77636.0822470148 5000.00000000049
  endloop
endfacet
facet normal -0.258819045102531 -0.965925826289066 0.0
  outer loop
    vertex 229157.827482713 -77636.1453164554 5006.00000000049
    vertex 229158.019921992 -77636.1835950081 5000.00000000049
    vertex 229158.019921992 -77636.1835950081 5006.00000000049
  endloop
endfacet
facet normal -0.130526192220059 -0.991444861373809 0.0
  outer loop
    vertex 229158.019921992 -77636.1835950081 5000.00000000049
    vertex 229157.827482713 -77636.1453164554 5006.00000000049
    vertex 229157.827482713 -77636.1453164554 5000.00000000049
  endloop
endfacet
facet normal -0.130526192220058 -0.991444861373809 0.0
  outer loop
    vertex 229158.019921992 -77636.1835950081 5006.00000000049
    vertex 229158.21571128 -77636.196427716 5000.00000000049
    vertex 229158.21571128 -77636.196427716 5006.00000000049
  endloop
endfacet
facet normal -4.57589521829505e-15 -1.0 0.0
  outer loop
    vertex 229158.21571128 -77636.196427716 5000.00000000049
    vertex 229158.019921992 -77636.1835950081 5006.00000000049
    vertex 229158.019921992 -77636.1835950081 5000.00000000049
  endloop
endfacet
facet normal 2.98427949019243e-15 1.0 0.0
  outer loop
    vertex 229158.21571128 -77633.196427716 5000.00000000049
    vertex 229158.019921992 -77633.2092604239 5006.00000000049
    vertex 229158.21571128 -77633.196427716 5006.00000000049
  endloop
endfacet
facet normal -0.130526192220051 0.99144486137381 0.0
  outer loop
    vertex 229158.019921992 -77633.2092604239 5006.00000000049
    vertex 229158.21571128 -77633.196427716 5000.00000000049
    vertex 229158.019921992 -77633.2092604239 5000.00000000049
  endloop
endfacet
facet normal -0.258819045102524 0.965925826289067 0.0
  outer loop
    vertex 229157.827482713 -77633.2475389766 5000.00000000049
    vertex 229158.019921992 -77633.2092604239 5006.00000000049
    vertex 229158.019921992 -77633.2092604239 5000.00000000049
  endloop
endfacet
facet normal -0.130526192220051 0.99144486137381 0.0
  outer loop
    vertex 229158.019921992 -77633.2092604239 5006.00000000049
    vertex 229157.827482713 -77633.2475389766 5000.00000000049
    vertex 229157.827482713 -77633.2475389766 5006.00000000049
  endloop
endfacet
facet normal -0.382683432365098 0.923879532511283 6.05845175209737e-31
  outer loop
    vertex 229157.641686132 -77633.3106084172 5000.00000000049
    vertex 229157.827482713 -77633.2475389766 5006.00000000049
    vertex 229157.827482713 -77633.2475389766 5000.00000000049
  endloop
endfacet
facet normal -0.258819045102524 0.965925826289068 -2.01948391736579e-31
  outer loop
    vertex 229157.827482713 -77633.2475389766 5006.00000000049
    vertex 229157.641686132 -77633.3106084172 5000.00000000049
    vertex 229157.641686132 -77633.3106084172 5006.00000000049
  endloop
endfacet
facet normal 0.707106781186548 0.707106781186547 -8.07793566946316e-31
  outer loop
    vertex 229194.631710511 -77881.1231409595 5006.00000000049
    vertex 229194.76108035 -77881.2706589878 5000.00000000049
    vertex 229194.631710511 -77881.1231409595 5000.00000000049
  endloop
endfacet
facet normal 0.793353340291234 0.608761429008722 -8.07793566946316e-31
  outer loop
    vertex 229194.76108035 -77881.2706589878 5000.00000000049
    vertex 229194.631710511 -77881.1231409595 5006.00000000049
    vertex 229194.76108035 -77881.2706589878 5006.00000000049
  endloop
endfacet
facet normal -0.49999999999997 -0.866025403784456 9.37983307248403e-16
  outer loop
    vertex 229192.32105034 -77884.3488646407 5000.00000000049
    vertex 229192.614341759 -77884.4934999626 4995.00000000049
    vertex 229192.614341759 -77884.4934999626 5000.00000000049
  endloop
endfacet
facet normal -0.382683432365131 -0.92387953251127 1.00064452568843e-15
  outer loop
    vertex 229192.614341759 -77884.4934999626 4995.00000000049
    vertex 229192.32105034 -77884.3488646407 5000.00000000049
    vertex 229192.32105034 -77884.3488646407 4995.00000000049
  endloop
endfacet
facet normal 0.608761429008733 0.793353340291226 8.57202339980369e-16
  outer loop
    vertex 229159.737614853 -77632.7130443653 5000.00000000049
    vertex 229159.983478233 -77632.928660763 4995.00000000049
    vertex 229159.737614853 -77632.7130443653 4995.00000000049
  endloop
endfacet
facet normal 0.659345815100091 0.751839807478958 2.17948104929429e-16
  outer loop
    vertex 229159.983478233 -77632.928660763 4995.00000000049
    vertex 229159.737614853 -77632.7130443653 5000.00000000049
    vertex 229159.983478233 -77632.928660763 5000.00000000049
  endloop
endfacet
facet normal -0.258819045102525 0.965925826289067 6.63251132435944e-16
  outer loop
    vertex 229157.568663668 -77632.2816131503 4995.00000000049
    vertex 229157.259002699 -77632.3867288847 5000.00000000049
    vertex 229157.568663668 -77632.2816131503 5000.00000000049
  endloop
endfacet
facet normal -0.382683432365099 0.923879532511283 4.74337084413892e-16
  outer loop
    vertex 229157.259002699 -77632.3867288847 5000.00000000049
    vertex 229157.568663668 -77632.2816131503 4995.00000000049
    vertex 229157.259002699 -77632.3867288847 4995.00000000049
  endloop
endfacet
facet normal -0.130526192220047 0.991444861373811 8.40816769694069e-16
  outer loop
    vertex 229157.8893958 -77632.2178155626 4995.00000000049
    vertex 229157.568663668 -77632.2816131503 5000.00000000049
    vertex 229157.8893958 -77632.2178155626 5000.00000000049
  endloop
endfacet
facet normal -0.258819045102523 0.965925826289067 6.63251132435947e-16
  outer loop
    vertex 229157.568663668 -77632.2816131503 5000.00000000049
    vertex 229157.8893958 -77632.2178155626 4995.00000000049
    vertex 229157.568663668 -77632.2816131503 4995.00000000049
  endloop
endfacet
facet normal -1.0 -8.54246162810159e-30 -9.89095797390855e-16
  outer loop
    vertex 229049.649694102 -77740.762444894 5000.00000000049
    vertex 229049.671081949 -77740.4361294134 4995.00000000049
    vertex 229049.649694102 -77740.762444894 4995.00000000049
  endloop
endfacet
facet normal -0.991444861373814 0.130526192220023 -1.1168688852952e-15
  outer loop
    vertex 229049.671081949 -77740.4361294134 4995.00000000049
    vertex 229049.649694102 -77740.762444894 5000.00000000049
    vertex 229049.671081949 -77740.4361294134 5000.00000000049
  endloop
endfacet
facet normal -0.991444861373814 0.130526192220023 -1.1168688852952e-15
  outer loop
    vertex 229049.671081949 -77740.4361294134 5000.00000000049
    vertex 229049.734879537 -77740.1153972812 4995.00000000049
    vertex 229049.671081949 -77740.4361294134 4995.00000000049
  endloop
endfacet
facet normal -0.965925826289064 0.258819045102536 -1.22553203691765e-15
  outer loop
    vertex 229049.734879537 -77740.1153972812 4995.00000000049
    vertex 229049.671081949 -77740.4361294134 5000.00000000049
    vertex 229049.734879537 -77740.1153972812 5000.00000000049
  endloop
endfacet
facet normal 0.608761429008756 -0.793353340291208 4.51244289126767e-16
  outer loop
    vertex 229195.092953912 -77884.167184482 5000.00000000049
    vertex 229195.338817293 -77883.9515680843 4995.00000000049
    vertex 229195.338817293 -77883.9515680843 5000.00000000049
  endloop
endfacet
facet normal 0.659345815100131 -0.751839807478923 -6.05845175209737e-31
  outer loop
    vertex 229195.338817293 -77883.9515680843 4995.00000000049
    vertex 229195.092953912 -77884.167184482 5000.00000000049
    vertex 229195.092953912 -77884.167184482 4995.00000000049
  endloop
endfacet
facet normal 0.499999999999978 -0.866025403784451 9.37983307248404e-16
  outer loop
    vertex 229194.82105034 -77884.3488646407 5000.00000000049
    vertex 229195.092953912 -77884.167184482 4995.00000000049
    vertex 229195.092953912 -77884.167184482 5000.00000000049
  endloop
endfacet
facet normal 0.608761429008754 -0.79335334029121 4.51244289126784e-16
  outer loop
    vertex 229195.092953912 -77884.167184482 4995.00000000049
    vertex 229194.82105034 -77884.3488646407 5000.00000000049
    vertex 229194.82105034 -77884.3488646407 4995.00000000049
  endloop
endfacet
facet normal 8.66862137627323e-15 1.0 1.00399579890427e-15
  outer loop
    vertex 229158.21571128 -77632.196427716 4995.00000000049
    vertex 229158.542026761 -77632.2178155626 5000.00000000049
    vertex 229158.542026761 -77632.2178155626 4995.00000000049
  endloop
endfacet
facet normal 0.130526192220059 0.991444861373809 1.14999618163499e-15
  outer loop
    vertex 229158.542026761 -77632.2178155626 5000.00000000049
    vertex 229158.21571128 -77632.196427716 4995.00000000049
    vertex 229158.21571128 -77632.196427716 5000.00000000049
  endloop
endfacet
facet normal 0.991444861373817 -0.130526192220003 -8.07793566946316e-31
  outer loop
    vertex 229195.058217632 -77882.3795904196 5006.00000000049
    vertex 229195.019939079 -77882.5720296989 5000.00000000049
    vertex 229195.058217632 -77882.3795904196 5000.00000000049
  endloop
endfacet
facet normal 0.965925826289055 -0.25881904510257 -8.07793566946316e-31
  outer loop
    vertex 229195.019939079 -77882.5720296989 5000.00000000049
    vertex 229195.058217632 -77882.3795904196 5006.00000000049
    vertex 229195.019939079 -77882.5720296989 5006.00000000049
  endloop
endfacet
facet normal -0.707106781186548 0.707106781186547 -6.75306175596255e-16
  outer loop
    vertex 229156.447944327 -77632.928660763 4995.00000000049
    vertex 229050.381927149 -77738.994677941 5000.00000000049
    vertex 229156.447944327 -77632.928660763 5000.00000000049
  endloop
endfacet
facet normal -0.707106781186548 0.707106781186547 -6.75306175596255e-16
  outer loop
    vertex 229050.381927149 -77738.994677941 5000.00000000049
    vertex 229156.447944327 -77632.928660763 4995.00000000049
    vertex 229050.381927149 -77738.994677941 4995.00000000049
  endloop
endfacet
facet normal 0.25881904510257 -0.965925826289055 2.01948391736579e-31
  outer loop
    vertex 229193.959278907 -77883.6326898707 5006.00000000049
    vertex 229194.145075488 -77883.56962043 5000.00000000049
    vertex 229194.145075488 -77883.56962043 5006.00000000049
  endloop
endfacet
facet normal 0.382683432365091 -0.923879532511286 5.04870979341448e-32
  outer loop
    vertex 229194.145075488 -77883.56962043 5000.00000000049
    vertex 229193.959278907 -77883.6326898707 5006.00000000049
    vertex 229193.959278907 -77883.6326898707 5000.00000000049
  endloop
endfacet
facet normal -0.707106781186544 -0.707106781186551 8.07793566946316e-31
  outer loop
    vertex 229191.803283387 -77883.9515680843 4995.00000000049
    vertex 229050.381927149 -77742.5302118469 5000.00000000049
    vertex 229050.381927149 -77742.5302118469 4995.00000000049
  endloop
endfacet
facet normal -0.707106781186544 -0.707106781186551 8.07793566946316e-31
  outer loop
    vertex 229050.381927149 -77742.5302118469 5000.00000000049
    vertex 229191.803283387 -77883.9515680843 4995.00000000049
    vertex 229191.803283387 -77883.9515680843 5000.00000000049
  endloop
endfacet
facet normal 1.0 -5.68434188608013e-17 -1.61558713389263e-30
  outer loop
    vertex 229195.07105034 -77882.1838011313 5000.00000000049
    vertex 229195.058217632 -77882.3795904196 5006.00000000049
    vertex 229195.058217632 -77882.3795904196 5000.00000000049
  endloop
endfacet
facet normal 0.991444861373817 -0.130526192220003 -8.07793566946316e-31
  outer loop
    vertex 229195.058217632 -77882.3795904196 5006.00000000049
    vertex 229195.07105034 -77882.1838011313 5000.00000000049
    vertex 229195.07105034 -77882.1838011313 5006.00000000049
  endloop
endfacet
facet normal -0.866025403784425 0.500000000000024 1.61558713389263e-30
  outer loop
    vertex 229156.916673175 -77633.946427716 5006.00000000049
    vertex 229157.02568127 -77633.7832855725 5000.00000000049
    vertex 229156.916673175 -77633.946427716 5000.00000000049
  endloop
endfacet
facet normal -0.793353340291229 0.608761429008728 1.61558713389263e-30
  outer loop
    vertex 229157.02568127 -77633.7832855725 5000.00000000049
    vertex 229156.916673175 -77633.946427716 5006.00000000049
    vertex 229157.02568127 -77633.7832855725 5006.00000000049
  endloop
endfacet
facet normal 0.130526192220004 -0.991444861373817 0.0
  outer loop
    vertex 229193.766839628 -77883.6709684233 5006.00000000049
    vertex 229193.959278907 -77883.6326898707 5000.00000000049
    vertex 229193.959278907 -77883.6326898707 5006.00000000049
  endloop
endfacet
facet normal 0.258819045102569 -0.965925826289055 -2.01948391736579e-31
  outer loop
    vertex 229193.959278907 -77883.6326898707 5000.00000000049
    vertex 229193.766839628 -77883.6709684233 5006.00000000049
    vertex 229193.766839628 -77883.6709684233 5000.00000000049
  endloop
endfacet
facet normal -0.923879532511291 -0.382683432365079 8.07793566946316e-31
  outer loop
    vertex 229156.829891982 -77635.2704528646 5006.00000000049
    vertex 229156.766822541 -77635.0846562836 5000.00000000049
    vertex 229156.829891982 -77635.2704528646 5000.00000000049
  endloop
endfacet
facet normal -0.965925826289057 -0.258819045102563 8.07793566946316e-31
  outer loop
    vertex 229156.766822541 -77635.0846562836 5000.00000000049
    vertex 229156.829891982 -77635.2704528646 5006.00000000049
    vertex 229156.766822541 -77635.0846562836 5006.00000000049
  endloop
endfacet
facet normal 0.382683432365107 0.92387953251128 -4.03896783473158e-31
  outer loop
    vertex 229158.789736429 -77633.3106084172 5000.00000000049
    vertex 229158.603939848 -77633.2475389766 5006.00000000049
    vertex 229158.789736429 -77633.3106084172 5006.00000000049
  endloop
endfacet
facet normal 0.258819045102531 0.965925826289066 -4.03896783473158e-31
  outer loop
    vertex 229158.603939848 -77633.2475389766 5006.00000000049
    vertex 229158.789736429 -77633.3106084172 5000.00000000049
    vertex 229158.603939848 -77633.2475389766 5000.00000000049
  endloop
endfacet
facet normal 0.382683432365107 0.92387953251128 -4.03896783473158e-31
  outer loop
    vertex 229158.789736429 -77633.3106084172 5000.00000000049
    vertex 229158.96571128 -77633.3973896103 5006.00000000049
    vertex 229158.96571128 -77633.3973896103 5000.00000000049
  endloop
endfacet
facet normal 0.499999999999975 0.866025403784453 -1.21169035041947e-30
  outer loop
    vertex 229158.96571128 -77633.3973896103 5006.00000000049
    vertex 229158.789736429 -77633.3106084172 5000.00000000049
    vertex 229158.789736429 -77633.3106084172 5006.00000000049
  endloop
endfacet
facet normal -0.866025403784426 -0.500000000000022 8.07793566946316e-31
  outer loop
    vertex 229156.916673175 -77635.446427716 5006.00000000049
    vertex 229156.829891982 -77635.2704528646 5000.00000000049
    vertex 229156.916673175 -77635.446427716 5000.00000000049
  endloop
endfacet
facet normal -0.923879532511291 -0.382683432365079 8.07793566946316e-31
  outer loop
    vertex 229156.829891982 -77635.2704528646 5000.00000000049
    vertex 229156.916673175 -77635.446427716 5006.00000000049
    vertex 229156.829891982 -77635.2704528646 5006.00000000049
  endloop
endfacet
facet normal -0.793353340291232 -0.608761429008725 1.61558713389263e-30
  outer loop
    vertex 229157.02568127 -77635.6095698595 5006.00000000049
    vertex 229156.916673175 -77635.446427716 5000.00000000049
    vertex 229157.02568127 -77635.6095698595 5000.00000000049
  endloop
endfacet
facet normal -0.866025403784426 -0.500000000000022 8.07793566946316e-31
  outer loop
    vertex 229156.916673175 -77635.446427716 5000.00000000049
    vertex 229157.02568127 -77635.6095698595 5006.00000000049
    vertex 229156.916673175 -77635.446427716 5006.00000000049
  endloop
endfacet
facet normal 0.751839807478835 0.659345815100232 -2.48034563408644e-15
  outer loop
    vertex 229195.338817293 -77880.4160341783 4995.00000000049
    vertex 229195.55443369 -77880.6618975588 5000.00000000049
    vertex 229195.55443369 -77880.6618975588 4995.00000000049
  endloop
endfacet
facet normal 0.793353340291168 0.608761429008808 -7.9158953052598e-16
  outer loop
    vertex 229195.55443369 -77880.6618975588 5000.00000000049
    vertex 229195.338817293 -77880.4160341783 4995.00000000049
    vertex 229195.338817293 -77880.4160341783 4996.00000000049
  endloop
endfacet
facet normal 0.793353340291168 0.608761429008808 -7.9158953052598e-16
  outer loop
    vertex 229195.55443369 -77880.6618975588 5000.00000000049
    vertex 229195.338817293 -77880.4160341783 4996.00000000049
    vertex 229195.338817293 -77880.4160341783 5000.00000000049
  endloop
endfacet
facet normal 0.793353340291168 0.608761429008808 -7.9158953052598e-16
  outer loop
    vertex 229195.55443369 -77880.6618975588 5000.00000000049
    vertex 229195.736113849 -77880.9338011313 4995.00000000049
    vertex 229195.55443369 -77880.6618975588 4995.00000000049
  endloop
endfacet
facet normal 0.866025403784452 0.499999999999977 9.37983307248403e-16
  outer loop
    vertex 229195.736113849 -77880.9338011313 4995.00000000049
    vertex 229195.55443369 -77880.6618975588 5000.00000000049
    vertex 229195.736113849 -77880.9338011313 5000.00000000049
  endloop
endfacet
facet normal -0.965925826289057 -0.258819045102563 8.07793566946316e-31
  outer loop
    vertex 229156.766822541 -77635.0846562836 5006.00000000049
    vertex 229156.728543988 -77634.8922170043 5000.00000000049
    vertex 229156.766822541 -77635.0846562836 5000.00000000049
  endloop
endfacet
facet normal -0.991444861373802 -0.130526192220114 1.61558713389263e-30
  outer loop
    vertex 229156.728543988 -77634.8922170043 5000.00000000049
    vertex 229156.766822541 -77635.0846562836 5006.00000000049
    vertex 229156.728543988 -77634.8922170043 5006.00000000049
  endloop
endfacet
facet normal 0.866025403784427 0.500000000000021 -1.61558713389263e-30
  outer loop
    vertex 229159.514749386 -77633.946427716 5006.00000000049
    vertex 229159.601530579 -77634.1224025674 5000.00000000049
    vertex 229159.514749386 -77633.946427716 5000.00000000049
  endloop
endfacet
facet normal 0.923879532511292 0.382683432365078 -1.61558713389263e-30
  outer loop
    vertex 229159.601530579 -77634.1224025674 5000.00000000049
    vertex 229159.514749386 -77633.946427716 5006.00000000049
    vertex 229159.601530579 -77634.1224025674 5006.00000000049
  endloop
endfacet
facet normal 1.0 -8.52651282912033e-17 1.08308982987046e-15
  outer loop
    vertex 229196.07105034 -77882.1838011313 4995.00000000049
    vertex 229196.049662493 -77882.5101166118 5000.00000000049
    vertex 229196.049662493 -77882.5101166118 4995.00000000049
  endloop
endfacet
facet normal 0.991444861373816 -0.130526192220006 1.07382384623131e-15
  outer loop
    vertex 229196.049662493 -77882.5101166118 5000.00000000049
    vertex 229196.07105034 -77882.1838011313 4995.00000000049
    vertex 229196.07105034 -77882.1838011313 5000.00000000049
  endloop
endfacet
facet normal 0.707106781186547 -0.707106781186547 2.01948391736579e-31
  outer loop
    vertex 229194.631710511 -77883.2444613031 5006.00000000049
    vertex 229194.76108035 -77883.0969432748 5000.00000000049
    vertex 229194.76108035 -77883.0969432748 5006.00000000049
  endloop
endfacet
facet normal 0.793353340291234 -0.608761429008722 -2.01948391736579e-31
  outer loop
    vertex 229194.76108035 -77883.0969432748 5000.00000000049
    vertex 229194.631710511 -77883.2444613031 5006.00000000049
    vertex 229194.631710511 -77883.2444613031 5000.00000000049
  endloop
endfacet
facet normal 0.991444861373817 0.130526192220003 -8.07793566946316e-31
  outer loop
    vertex 229195.058217632 -77881.988011843 5006.00000000049
    vertex 229195.07105034 -77882.1838011313 5000.00000000049
    vertex 229195.058217632 -77881.988011843 5000.00000000049
  endloop
endfacet
facet normal 1.0 -5.68434188608013e-17 -1.61558713389263e-30
  outer loop
    vertex 229195.07105034 -77882.1838011313 5000.00000000049
    vertex 229195.058217632 -77881.988011843 5006.00000000049
    vertex 229195.07105034 -77882.1838011313 5006.00000000049
  endloop
endfacet
facet normal 0.866025403784441 0.499999999999996 -8.07793566946316e-31
  outer loop
    vertex 229194.870088445 -77881.4338011313 5006.00000000049
    vertex 229194.956869638 -77881.6097759827 5000.00000000049
    vertex 229194.870088445 -77881.4338011313 5000.00000000049
  endloop
endfacet
facet normal 0.923879532511286 0.382683432365091 -8.07793566946316e-31
  outer loop
    vertex 229194.956869638 -77881.6097759827 5000.00000000049
    vertex 229194.870088445 -77881.4338011313 5006.00000000049
    vertex 229194.956869638 -77881.6097759827 5006.00000000049
  endloop
endfacet
facet normal -0.25881904510257 0.965925826289055 0.0
  outer loop
    vertex 229193.182821772 -77880.7349123919 5000.00000000049
    vertex 229193.375261051 -77880.6966338392 5006.00000000049
    vertex 229193.375261051 -77880.6966338392 5000.00000000049
  endloop
endfacet
facet normal -0.130526192220003 0.991444861373817 2.01948391736579e-31
  outer loop
    vertex 229193.375261051 -77880.6966338392 5006.00000000049
    vertex 229193.182821772 -77880.7349123919 5000.00000000049
    vertex 229193.182821772 -77880.7349123919 5006.00000000049
  endloop
endfacet
facet normal 0.965925826289055 0.258819045102569 -1.61558713389263e-30
  outer loop
    vertex 229195.019939079 -77881.7955725636 5000.00000000049
    vertex 229195.058217632 -77881.988011843 5006.00000000049
    vertex 229195.058217632 -77881.988011843 5000.00000000049
  endloop
endfacet
facet normal 0.991444861373817 0.130526192220003 -8.07793566946316e-31
  outer loop
    vertex 229195.058217632 -77881.988011843 5006.00000000049
    vertex 229195.019939079 -77881.7955725636 5000.00000000049
    vertex 229195.019939079 -77881.7955725636 5006.00000000049
  endloop
endfacet
facet normal 0.923879532511286 0.382683432365091 -8.07793566946316e-31
  outer loop
    vertex 229194.956869638 -77881.6097759827 5006.00000000049
    vertex 229195.019939079 -77881.7955725636 5000.00000000049
    vertex 229194.956869638 -77881.6097759827 5000.00000000049
  endloop
endfacet
facet normal 0.965925826289055 0.258819045102569 -1.61558713389263e-30
  outer loop
    vertex 229195.019939079 -77881.7955725636 5000.00000000049
    vertex 229194.956869638 -77881.6097759827 5006.00000000049
    vertex 229195.019939079 -77881.7955725636 5006.00000000049
  endloop
endfacet
facet normal 0.793353340291234 0.608761429008721 0.0
  outer loop
    vertex 229194.76108035 -77881.2706589878 5006.00000000049
    vertex 229194.870088445 -77881.4338011313 5000.00000000049
    vertex 229194.76108035 -77881.2706589878 5000.00000000049
  endloop
endfacet
facet normal 0.866025403784441 0.499999999999996 0.0
  outer loop
    vertex 229194.870088445 -77881.4338011313 5000.00000000049
    vertex 229194.76108035 -77881.2706589878 5006.00000000049
    vertex 229194.870088445 -77881.4338011313 5006.00000000049
  endloop
endfacet
facet normal 0.965925826289055 -0.25881904510257 -8.07793566946316e-31
  outer loop
    vertex 229195.019939079 -77882.5720296989 5000.00000000049
    vertex 229194.956869638 -77882.7578262798 5006.00000000049
    vertex 229194.956869638 -77882.7578262798 5000.00000000049
  endloop
endfacet
facet normal 0.923879532511286 -0.382683432365091 -8.07793566946316e-31
  outer loop
    vertex 229194.956869638 -77882.7578262798 5006.00000000049
    vertex 229195.019939079 -77882.5720296989 5000.00000000049
    vertex 229195.019939079 -77882.5720296989 5006.00000000049
  endloop
endfacet
facet normal -0.989660599000356 -0.14342907231889 -5.46281389351114e-14
  outer loop
    vertex 229171.336409084 -77728.7435919468 4996.00000000049
    vertex 229158.218392865 -77638.2292800374 4995.00000000049
    vertex 229171.336409084 -77728.7435919468 4995.00000000049
  endloop
endfacet
facet normal -0.989660599000356 -0.14342907231889 -5.46281389351114e-14
  outer loop
    vertex 229158.218392865 -77638.2292800374 4995.00000000049
    vertex 229171.336409084 -77728.7435919468 4996.00000000049
    vertex 229158.218392865 -77638.2292800374 4996.00000000049
  endloop
endfacet
facet normal -0.499999999999997 0.86602540378444 6.05845175209737e-31
  outer loop
    vertex 229192.82105034 -77880.8847630256 5000.00000000049
    vertex 229192.997025191 -77880.7979818325 5006.00000000049
    vertex 229192.997025191 -77880.7979818325 5000.00000000049
  endloop
endfacet
facet normal -0.382683432365091 0.923879532511286 -5.04870979341448e-32
  outer loop
    vertex 229192.997025191 -77880.7979818325 5006.00000000049
    vertex 229192.82105034 -77880.8847630256 5000.00000000049
    vertex 229192.82105034 -77880.8847630256 5006.00000000049
  endloop
endfacet
facet normal 0.866025403784452 0.499999999999977 9.37983307248403e-16
  outer loop
    vertex 229195.736113849 -77880.9338011313 4995.00000000049
    vertex 229195.880749171 -77881.2270925504 5000.00000000049
    vertex 229195.880749171 -77881.2270925504 4995.00000000049
  endloop
endfacet
facet normal 0.923879532511282 0.382683432365101 1.00064452568845e-15
  outer loop
    vertex 229195.880749171 -77881.2270925504 5000.00000000049
    vertex 229195.736113849 -77880.9338011313 4995.00000000049
    vertex 229195.736113849 -77880.9338011313 5000.00000000049
  endloop
endfacet
facet normal 0.923879532511282 0.382683432365101 1.00064452568845e-15
  outer loop
    vertex 229195.880749171 -77881.2270925504 4995.00000000049
    vertex 229195.985864905 -77881.5367535185 5000.00000000049
    vertex 229195.985864905 -77881.5367535185 4995.00000000049
  endloop
endfacet
facet normal 0.965925826289062 0.258819045102544 1.04618443886291e-15
  outer loop
    vertex 229195.985864905 -77881.5367535185 5000.00000000049
    vertex 229195.880749171 -77881.2270925504 4995.00000000049
    vertex 229195.880749171 -77881.2270925504 5000.00000000049
  endloop
endfacet
facet normal 0.965925826289062 0.258819045102544 1.04618443886291e-15
  outer loop
    vertex 229195.985864905 -77881.5367535185 4995.00000000049
    vertex 229196.049662493 -77881.8574856507 5000.00000000049
    vertex 229196.049662493 -77881.8574856507 4995.00000000049
  endloop
endfacet
facet normal 0.991444861373815 0.13052619222002 1.07382384623131e-15
  outer loop
    vertex 229196.049662493 -77881.8574856507 5000.00000000049
    vertex 229195.985864905 -77881.5367535185 4995.00000000049
    vertex 229195.985864905 -77881.5367535185 5000.00000000049
  endloop
endfacet
facet normal 0.866025403784425 -0.500000000000024 -1.21169035041947e-30
  outer loop
    vertex 229159.514749386 -77635.446427716 5000.00000000049
    vertex 229159.405741291 -77635.6095698595 5006.00000000049
    vertex 229159.405741291 -77635.6095698595 5000.00000000049
  endloop
endfacet
facet normal 0.793353340291231 -0.608761429008726 -8.07793566946316e-31
  outer loop
    vertex 229159.405741291 -77635.6095698595 5006.00000000049
    vertex 229159.514749386 -77635.446427716 5000.00000000049
    vertex 229159.514749386 -77635.446427716 5006.00000000049
  endloop
endfacet
facet normal 0.923879532511291 -0.38268343236508 -1.21169035041947e-30
  outer loop
    vertex 229159.601530579 -77635.2704528646 5000.00000000049
    vertex 229159.514749386 -77635.446427716 5006.00000000049
    vertex 229159.514749386 -77635.446427716 5000.00000000049
  endloop
endfacet
facet normal 0.866025403784425 -0.500000000000024 -1.21169035041947e-30
  outer loop
    vertex 229159.514749386 -77635.446427716 5006.00000000049
    vertex 229159.601530579 -77635.2704528646 5000.00000000049
    vertex 229159.601530579 -77635.2704528646 5006.00000000049
  endloop
endfacet
facet normal 0.965925826289057 -0.258819045102564 -1.21169035041947e-30
  outer loop
    vertex 229159.66460002 -77635.0846562836 5006.00000000049
    vertex 229159.601530579 -77635.2704528646 5000.00000000049
    vertex 229159.66460002 -77635.0846562836 5000.00000000049
  endloop
endfacet
facet normal 0.923879532511291 -0.38268343236508 -1.21169035041947e-30
  outer loop
    vertex 229159.601530579 -77635.2704528646 5000.00000000049
    vertex 229159.66460002 -77635.0846562836 5006.00000000049
    vertex 229159.601530579 -77635.2704528646 5006.00000000049
  endloop
endfacet
facet normal 0.991444861373802 -0.130526192220115 -2.01948391736579e-30
  outer loop
    vertex 229159.702878572 -77634.8922170043 5000.00000000049
    vertex 229159.66460002 -77635.0846562836 5006.00000000049
    vertex 229159.66460002 -77635.0846562836 5000.00000000049
  endloop
endfacet
facet normal 0.965925826289057 -0.258819045102564 -1.21169035041947e-30
  outer loop
    vertex 229159.66460002 -77635.0846562836 5006.00000000049
    vertex 229159.702878572 -77634.8922170043 5000.00000000049
    vertex 229159.702878572 -77634.8922170043 5006.00000000049
  endloop
endfacet
facet normal 1.0 -2.84217094304033e-16 -3.23117426778527e-30
  outer loop
    vertex 229159.71571128 -77634.696427716 5000.00000000049
    vertex 229159.702878572 -77634.8922170043 5006.00000000049
    vertex 229159.702878572 -77634.8922170043 5000.00000000049
  endloop
endfacet
facet normal 0.991444861373802 -0.130526192220114 -1.61558713389263e-30
  outer loop
    vertex 229159.702878572 -77634.8922170043 5006.00000000049
    vertex 229159.71571128 -77634.696427716 5000.00000000049
    vertex 229159.71571128 -77634.696427716 5006.00000000049
  endloop
endfacet
facet normal 0.991444861373802 0.130526192220115 -1.61558713389263e-30
  outer loop
    vertex 229159.702878572 -77634.5006384277 5006.00000000049
    vertex 229159.71571128 -77634.696427716 5000.00000000049
    vertex 229159.702878572 -77634.5006384277 5000.00000000049
  endloop
endfacet
facet normal 1.0 -2.84217094304033e-16 -3.23117426778527e-30
  outer loop
    vertex 229159.71571128 -77634.696427716 5000.00000000049
    vertex 229159.702878572 -77634.5006384277 5006.00000000049
    vertex 229159.71571128 -77634.696427716 5006.00000000049
  endloop
endfacet
facet normal 0.965925826289057 0.258819045102563 0.0
  outer loop
    vertex 229159.66460002 -77634.3081991483 5006.00000000049
    vertex 229159.702878572 -77634.5006384277 5000.00000000049
    vertex 229159.66460002 -77634.3081991483 5000.00000000049
  endloop
endfacet
facet normal 0.991444861373802 0.130526192220115 -1.61558713389263e-30
  outer loop
    vertex 229159.702878572 -77634.5006384277 5000.00000000049
    vertex 229159.66460002 -77634.3081991483 5006.00000000049
    vertex 229159.702878572 -77634.5006384277 5006.00000000049
  endloop
endfacet
facet normal 0.923879532511292 0.382683432365078 -1.61558713389263e-30
  outer loop
    vertex 229159.601530579 -77634.1224025674 5000.00000000049
    vertex 229159.66460002 -77634.3081991483 5006.00000000049
    vertex 229159.66460002 -77634.3081991483 5000.00000000049
  endloop
endfacet
facet normal 0.965925826289057 0.258819045102563 0.0
  outer loop
    vertex 229159.66460002 -77634.3081991483 5006.00000000049
    vertex 229159.601530579 -77634.1224025674 5000.00000000049
    vertex 229159.601530579 -77634.1224025674 5006.00000000049
  endloop
endfacet
facet normal 0.707106781186587 -0.707106781186508 -1.0097419586829e-30
  outer loop
    vertex 229159.276371452 -77635.7570878878 5006.00000000049
    vertex 229159.405741291 -77635.6095698595 5000.00000000049
    vertex 229159.405741291 -77635.6095698595 5006.00000000049
  endloop
endfacet
facet normal 0.79335334029123 -0.608761429008727 -8.07793566946316e-31
  outer loop
    vertex 229159.405741291 -77635.6095698595 5000.00000000049
    vertex 229159.276371452 -77635.7570878878 5006.00000000049
    vertex 229159.276371452 -77635.7570878878 5000.00000000049
  endloop
endfacet
facet normal 1.70530256582421e-16 -1.0 1.08308982987046e-15
  outer loop
    vertex 229193.57105034 -77884.6838011313 5000.00000000049
    vertex 229193.89736582 -77884.6624132847 4995.00000000049
    vertex 229193.89736582 -77884.6624132847 5000.00000000049
  endloop
endfacet
facet normal 0.13052619222002 -0.991444861373815 1.07382384623131e-15
  outer loop
    vertex 229193.89736582 -77884.6624132847 4995.00000000049
    vertex 229193.57105034 -77884.6838011313 5000.00000000049
    vertex 229193.57105034 -77884.6838011313 4995.00000000049
  endloop
endfacet
facet normal 0.258819045102544 -0.965925826289062 1.04618443886291e-15
  outer loop
    vertex 229194.218097952 -77884.598615697 5000.00000000049
    vertex 229194.527758921 -77884.4934999626 4995.00000000049
    vertex 229194.527758921 -77884.4934999626 5000.00000000049
  endloop
endfacet
facet normal 0.3826834323651 -0.923879532511282 1.00064452568845e-15
  outer loop
    vertex 229194.527758921 -77884.4934999626 4995.00000000049
    vertex 229194.218097952 -77884.598615697 5000.00000000049
    vertex 229194.218097952 -77884.598615697 4995.00000000049
  endloop
endfacet
facet normal -0.751839807478938 -0.659345815100113 2.71363315383128e-19
  outer loop
    vertex 229050.381927149 -77742.5302118469 4995.00000000049
    vertex 229050.166310752 -77742.2843484665 5000.00000000049
    vertex 229050.166310752 -77742.2843484665 4995.00000000049
  endloop
endfacet
facet normal -0.79335334029121 -0.608761429008754 -1.21391335234557e-16
  outer loop
    vertex 229050.166310752 -77742.2843484665 5000.00000000049
    vertex 229050.381927149 -77742.5302118469 4995.00000000049
    vertex 229050.381927149 -77742.5302118469 5000.00000000049
  endloop
endfacet
facet normal -0.793353340291249 0.608761429008703 -7.02640397487973e-16
  outer loop
    vertex 229050.166310752 -77739.2405413215 4995.00000000049
    vertex 229050.381927149 -77738.994677941 5000.00000000049
    vertex 229050.381927149 -77738.994677941 4995.00000000049
  endloop
endfacet
facet normal -0.751839807479009 0.659345815100033 0.0
  outer loop
    vertex 229050.381927149 -77738.994677941 5000.00000000049
    vertex 229050.166310752 -77739.2405413215 4995.00000000049
    vertex 229050.166310752 -77739.2405413215 5000.00000000049
  endloop
endfacet
facet normal -0.86602540378444 0.499999999999998 -1.37845029341594e-15
  outer loop
    vertex 229049.984630593 -77739.512444894 5000.00000000049
    vertex 229050.166310752 -77739.2405413215 4995.00000000049
    vertex 229049.984630593 -77739.512444894 4995.00000000049
  endloop
endfacet
facet normal -0.793353340291249 0.608761429008703 -7.02640397487973e-16
  outer loop
    vertex 229050.166310752 -77739.2405413215 4995.00000000049
    vertex 229049.984630593 -77739.512444894 5000.00000000049
    vertex 229050.166310752 -77739.2405413215 5000.00000000049
  endloop
endfacet
facet normal -0.130526192220006 -0.991444861373816 1.07382384623131e-15
  outer loop
    vertex 229193.244734859 -77884.6624132847 5000.00000000049
    vertex 229193.57105034 -77884.6838011313 4995.00000000049
    vertex 229193.57105034 -77884.6838011313 5000.00000000049
  endloop
endfacet
facet normal -1.42108547152023e-16 -1.0 1.08308982987046e-15
  outer loop
    vertex 229193.57105034 -77884.6838011313 4995.00000000049
    vertex 229193.244734859 -77884.6624132847 5000.00000000049
    vertex 229193.244734859 -77884.6624132847 4995.00000000049
  endloop
endfacet
facet normal -0.25881904510253 -0.965925826289066 1.04618443886291e-15
  outer loop
    vertex 229192.924002727 -77884.598615697 5000.00000000049
    vertex 229193.244734859 -77884.6624132847 4995.00000000049
    vertex 229193.244734859 -77884.6624132847 5000.00000000049
  endloop
endfacet
facet normal -0.130526192220006 -0.991444861373816 1.07382384623131e-15
  outer loop
    vertex 229193.244734859 -77884.6624132847 4995.00000000049
    vertex 229192.924002727 -77884.598615697 5000.00000000049
    vertex 229192.924002727 -77884.598615697 4995.00000000049
  endloop
endfacet
facet normal -0.923879532511301 -0.382683432365056 -5.14384730198003e-16
  outer loop
    vertex 229049.839995271 -77741.7191534749 5000.00000000049
    vertex 229049.734879537 -77741.4094925067 4995.00000000049
    vertex 229049.839995271 -77741.7191534749 4995.00000000049
  endloop
endfacet
facet normal -0.965925826289063 -0.258819045102541 -6.85254313829942e-16
  outer loop
    vertex 229049.734879537 -77741.4094925067 4995.00000000049
    vertex 229049.839995271 -77741.7191534749 5000.00000000049
    vertex 229049.734879537 -77741.4094925067 5000.00000000049
  endloop
endfacet
facet normal -0.965925826289063 -0.258819045102541 -6.85254313829942e-16
  outer loop
    vertex 229049.734879537 -77741.4094925067 5000.00000000049
    vertex 229049.671081949 -77741.0887603745 4995.00000000049
    vertex 229049.734879537 -77741.4094925067 4995.00000000049
  endloop
endfacet
facet normal -0.991444861373805 -0.130526192220088 -8.44399006163918e-16
  outer loop
    vertex 229049.671081949 -77741.0887603745 4995.00000000049
    vertex 229049.734879537 -77741.4094925067 5000.00000000049
    vertex 229049.671081949 -77741.0887603745 5000.00000000049
  endloop
endfacet
endsolid wand_mm
